,sample_paths,lasso_results_1,nn_results_1,lasso_results_2,nn_results_2
0,data/new_crops/before/haircut face before after 3_89.jpg,1.0,1.0,0.0,1.0
1,data/new_crops/before/makeup before after 3_108.jpg,0.0,0.0,0.0,1.0
2,data/new_crops/before/makeup before after 3_55.jpg,0.0,0.0,0.0,0.0
3,data/new_crops/before/makeup before after arabic_51.jpg,1.0,1.0,1.0,1.0
4,data/new_crops/before/beard before after 2_30.jpg,0.0,0.0,0.0,0.0
5,data/new_crops/before/images 1 makeup before and after_82.jpg,1.0,0.0,1.0,0.0
6,data/new_crops/before/haircut face before after 3_129.jpg,0.0,0.0,0.0,0.0
7,data/new_crops/before/makeupe before after 6_106.jpg,0.0,0.0,0.0,0.0
8,data/new_crops/before/makeup before after chinese_110.jpg,0.0,0.0,0.0,0.0
9,data/new_crops/before/drag queen before after 3_0.jpg,0.0,1.0,0.0,1.0
10,data/new_crops/before/makeup before after 5_86.jpg,0.0,1.0,0.0,1.0
11,data/new_crops/before/haircut face before after 2_128.jpg,0.0,1.0,0.0,0.0
12,data/new_crops/before/images 1 makeup before and after_39.jpg,0.0,0.0,0.0,0.0
13,data/new_crops/before/drag queen face before after 2_117.jpg,0.0,1.0,0.0,0.0
14,data/new_crops/before/images 1 makeup before and after_76 - Copy.jpg,0.0,0.0,1.0,1.0
15,data/new_crops/before/beard before after face chinese 1_95.jpg,0.0,0.0,0.0,0.0
16,data/new_crops/before/makeup before after chinese_35.jpg,0.0,0.0,0.0,0.0
17,data/new_crops/before/drag queen before after 4_121.jpg,0.0,1.0,0.0,1.0
18,data/new_crops/before/drag queen face before after 1_96.jpg,0.0,0.0,0.0,1.0
19,data/new_crops/before/makeup before after 4_8.jpg,0.0,0.0,1.0,0.0
20,data/new_crops/before/haircut face before after 1_70.jpg,0.0,0.0,0.0,1.0
21,data/new_crops/before/makeup before after 3_84.jpg,0.0,1.0,1.0,1.0
22,data/new_crops/before/drag queen before after 3_89.jpg,0.0,0.0,0.0,0.0
23,data/new_crops/before/beard before after 4_5.jpg,0.0,0.0,0.0,0.0
24,data/new_crops/before/hiardoo before after men 6_11.jpg,0.0,0.0,0.0,0.0
25,data/new_crops/before/haircut face before after 1_54.jpg,0.0,1.0,0.0,1.0
26,data/new_crops/before/haircut face before after 2_5.jpg,0.0,0.0,0.0,1.0
27,data/new_crops/before/haircut face before after 1_142.jpg,0.0,1.0,0.0,1.0
28,data/new_crops/before/drag queen face before after 1_73.jpg,0.0,1.0,0.0,0.0
29,data/new_crops/before/images 1 makeup before and after_78.jpg,0.0,0.0,0.0,0.0
30,data/new_crops/before/beard before after 5_2.jpg,0.0,1.0,0.0,1.0
31,data/new_crops/before/haircut face before after 3_9.jpg,1.0,1.0,1.0,1.0
32,data/new_crops/before/makeupe before after 6_77.jpg,0.0,0.0,0.0,0.0
33,data/new_crops/before/hairdoo before and after men 5_43.jpg,0.0,0.0,0.0,0.0
34,data/new_crops/before/haircut face before after 1_88.jpg,0.0,1.0,0.0,1.0
35,data/new_crops/before/drag queen face before after 1_1.jpg,0.0,1.0,0.0,1.0
36,data/new_crops/before/makeup before after 4_93.jpg,1.0,0.0,1.0,0.0
37,data/new_crops/before/beard before after 3_112.jpg,0.0,1.0,0.0,1.0
38,data/new_crops/before/makeup before after 3_33.jpg,0.0,0.0,0.0,1.0
39,data/new_crops/before/haircut face before after 2_93.jpg,1.0,1.0,0.0,1.0
40,data/new_crops/before/makeup before after chinese_79.jpg,0.0,0.0,0.0,0.0
41,data/new_crops/before/beard before after face chinese 2_15.jpg,1.0,1.0,0.0,1.0
42,data/new_crops/before/haircut face before after 2_8.jpg,0.0,1.0,0.0,1.0
43,data/new_crops/before/makeup before after 3_76.jpg,0.0,0.0,0.0,0.0
44,data/new_crops/before/makeup before after 4_26.jpg,0.0,0.0,0.0,0.0
45,data/new_crops/before/beard before after 5_115.jpg,0.0,1.0,0.0,1.0
46,data/new_crops/before/drag queen face before after 1_14.jpg,0.0,0.0,0.0,0.0
47,data/new_crops/before/images 1 makeup before and after_141.jpg,1.0,1.0,0.0,1.0
48,data/new_crops/before/beard before after 1_137.jpg,0.0,0.0,0.0,0.0
49,data/new_crops/before/haircut face before after 2_70.jpg,0.0,1.0,0.0,0.0
50,data/new_crops/before/haircut face before after 3_138.jpg,0.0,0.0,0.0,0.0
51,data/new_crops/before/haircut face before after 1_94.jpg,0.0,1.0,0.0,1.0
52,data/new_crops/before/haircut face before after 2_52.jpg,0.0,0.0,0.0,0.0
53,data/new_crops/before/beard before after 4_90.jpg,0.0,1.0,0.0,1.0
54,data/new_crops/before/beard before after 1_17.jpg,0.0,0.0,0.0,0.0
55,data/new_crops/before/haircut face before after 3_120.jpg,0.0,0.0,0.0,0.0
56,data/new_crops/before/images 1 makeup before and after_32 - Copy.jpg,0.0,1.0,1.0,1.0
57,data/new_crops/before/haircut face before after 3_86.jpg,0.0,0.0,0.0,0.0
58,data/new_crops/before/images 1 makeup before and after_69.jpg,0.0,0.0,0.0,0.0
59,data/new_crops/before/beard before after 2_4.jpg,1.0,1.0,1.0,1.0
60,data/new_crops/before/beard before after 5_9.jpg,0.0,1.0,0.0,1.0
61,data/new_crops/before/beard before after 1_123.jpg,0.0,0.0,0.0,0.0
62,data/new_crops/before/beard before after 1_27.jpg,0.0,1.0,0.0,1.0
63,data/new_crops/before/beard before after 1_7.jpg,0.0,0.0,0.0,1.0
64,data/new_crops/before/makeup before after arabic_145.jpg,0.0,0.0,0.0,0.0
65,data/new_crops/before/makeup before after 4_20.jpg,0.0,1.0,0.0,1.0
66,data/new_crops/before/makeup before after arabic_31.jpg,0.0,0.0,0.0,1.0
67,data/new_crops/before/images 1 makeup before and after_49.jpg,0.0,1.0,0.0,0.0
68,data/new_crops/before/haircut face before after 1_32.jpg,0.0,1.0,0.0,1.0
69,data/new_crops/before/beard before after 1_105.jpg,0.0,1.0,0.0,1.0
70,data/new_crops/before/makeup before after 4_129.jpg,0.0,0.0,0.0,0.0
71,data/new_crops/before/makeup before after 3_112.jpg,0.0,1.0,0.0,1.0
72,data/new_crops/before/beard before after 4_23.jpg,0.0,0.0,0.0,1.0
73,data/new_crops/before/beard before after face chinese 2_32.jpg,0.0,1.0,0.0,1.0
74,data/new_crops/before/images 1 makeup before and after_51.jpg,0.0,1.0,0.0,1.0
75,data/new_crops/before/images 1 makeup before and after_3.jpg,0.0,1.0,0.0,1.0
76,data/new_crops/before/haircut face before after 1_18.jpg,0.0,1.0,0.0,1.0
77,data/new_crops/before/beard before after 1_89.jpg,0.0,0.0,0.0,0.0
78,data/new_crops/before/glasses before after 2_59.jpg,0.0,0.0,0.0,0.0
79,data/new_crops/before/beard before after 1_106.jpg,0.0,1.0,0.0,0.0
80,data/new_crops/before/beard before after 3_25.jpg,0.0,1.0,0.0,1.0
81,data/new_crops/before/glasses before after 2_42.jpg,0.0,1.0,0.0,1.0
82,data/new_crops/before/drag queen face before after 1_70.jpg,0.0,1.0,0.0,1.0
83,data/new_crops/before/images 1 makeup before and after_81.jpg,0.0,1.0,0.0,1.0
84,data/new_crops/before/images 1 makeup before and after_0.jpg,0.0,0.0,0.0,0.0
85,data/new_crops/before/beard before after 2_0.jpg,0.0,0.0,0.0,1.0
86,data/new_crops/before/makeup before after 3_42.jpg,1.0,0.0,0.0,0.0
87,data/new_crops/before/beard before after 1_76.jpg,0.0,0.0,0.0,1.0
88,data/new_crops/before/beard before after face chinese 2_60.jpg,1.0,1.0,0.0,0.0
89,data/new_crops/before/beard before after 3_3.jpg,0.0,0.0,0.0,1.0
90,data/new_crops/before/haircut face before after 3_19.jpg,1.0,0.0,0.0,0.0
91,data/new_crops/before/images 1 makeup before and after_28.jpg,0.0,0.0,0.0,0.0
92,data/new_crops/before/makeup before after 3_50.jpg,0.0,0.0,0.0,0.0
93,data/new_crops/before/haircut face before after 1_134.jpg,0.0,0.0,0.0,1.0
94,data/new_crops/before/makeup before after chinese_7.jpg,0.0,1.0,0.0,1.0
95,data/new_crops/before/hairdoo before and after men 5_72.jpg,0.0,1.0,0.0,0.0
96,data/new_crops/before/haircut face before after 1_11.jpg,0.0,0.0,1.0,1.0
97,data/new_crops/before/haircut face before after 2_76.jpg,1.0,0.0,0.0,0.0
98,data/new_crops/before/beard before after 1_0.jpg,0.0,0.0,0.0,0.0
99,data/new_crops/before/makeup before after arabic_41.jpg,0.0,1.0,0.0,1.0
100,data/new_crops/before/drag queen face before after 1_141.jpg,0.0,0.0,1.0,0.0
101,data/new_crops/before/glasses before after 1_3.jpg,1.0,1.0,1.0,1.0
102,data/new_crops/before/haircut face before after 3_144.jpg,0.0,0.0,0.0,0.0
103,data/new_crops/before/beard before after face chinese 2_61.jpg,0.0,1.0,0.0,0.0
104,data/new_crops/before/images 1 makeup before and after_103.jpg,0.0,1.0,0.0,1.0
105,data/new_crops/before/drag queen before after 3_115.jpg,1.0,1.0,0.0,1.0
106,data/new_crops/before/beard before after face chinese 2_147.jpg,0.0,1.0,0.0,1.0
107,data/new_crops/before/images 1 makeup before and after_144.jpg,0.0,0.0,0.0,0.0
108,data/new_crops/before/makeup before after arabic_75.jpg,0.0,1.0,0.0,1.0
109,data/new_crops/before/drag queen face before after 2_120.jpg,0.0,1.0,0.0,1.0
110,data/new_crops/before/beard before after 1_21.jpg,0.0,1.0,0.0,1.0
111,data/new_crops/before/makeup before after 3_20.jpg,0.0,1.0,1.0,1.0
112,data/new_crops/before/images 1 makeup before and after_139.jpg,0.0,1.0,0.0,1.0
113,data/new_crops/before/hiardoo before after men 6_29.jpg,0.0,1.0,0.0,0.0
114,data/new_crops/before/makeup before after chinese_68.jpg,0.0,1.0,1.0,1.0
115,data/new_crops/before/beard before after face chinese 1_94.jpg,0.0,1.0,0.0,1.0
116,data/new_crops/before/haircut face before after 3_131.jpg,1.0,0.0,0.0,0.0
117,data/new_crops/before/beard before after 2_8.jpg,0.0,1.0,0.0,1.0
118,data/new_crops/before/makeup before after chinese_31.jpg,0.0,0.0,0.0,1.0
119,data/new_crops/before/hairdoo before and after men 5_138.jpg,0.0,1.0,1.0,1.0
120,data/new_crops/before/beard before after 2_28.jpg,0.0,0.0,0.0,1.0
121,data/new_crops/before/beard before after face chinese 2_63.jpg,0.0,0.0,0.0,0.0
122,data/new_crops/before/beard before after 2_14.jpg,0.0,1.0,0.0,1.0
123,data/new_crops/before/beard before after face chinese 2_56.jpg,0.0,0.0,0.0,0.0
124,data/new_crops/before/beard before after 3_98.jpg,0.0,1.0,0.0,1.0
125,data/new_crops/before/hairdoo before and after men 5_9.jpg,0.0,0.0,0.0,0.0
126,data/new_crops/before/haircut face befoe after 4_13.jpg,0.0,0.0,0.0,1.0
127,data/new_crops/before/images 1 makeup before and after_32.jpg,0.0,0.0,0.0,0.0
128,data/new_crops/before/beard before after 4_62.jpg,1.0,1.0,1.0,1.0
129,data/new_crops/before/drag queen face before after 1_57.jpg,0.0,0.0,0.0,1.0
130,data/new_crops/before/makeup before after 3_88.jpg,0.0,0.0,0.0,1.0
131,data/new_crops/before/makeup before after 3_82.jpg,0.0,1.0,0.0,1.0
132,data/new_crops/before/beard before after face chinese 2_115.jpg,0.0,0.0,0.0,0.0
133,data/new_crops/before/drag queen face before after 5_121.jpg,0.0,1.0,0.0,1.0
134,data/new_crops/before/beard before after 1_33.jpg,0.0,1.0,0.0,0.0
135,data/new_crops/before/makeup before after 5_129.jpg,0.0,0.0,0.0,0.0
136,data/new_crops/before/makeup before after arabic_103.jpg,0.0,1.0,0.0,0.0
137,data/new_crops/before/drag queen face before after 2_75.jpg,0.0,1.0,1.0,1.0
138,data/new_crops/before/drag queen face before after 1_55.jpg,0.0,0.0,0.0,1.0
139,data/new_crops/before/beard before after 2_31.jpg,0.0,0.0,0.0,0.0
140,data/new_crops/before/drag queen before after 4_21.jpg,0.0,1.0,0.0,1.0
141,data/new_crops/before/hiardoo before after men 6_122.jpg,0.0,1.0,0.0,1.0
142,data/new_crops/before/makeup before after arabic_120.jpg,0.0,0.0,0.0,0.0
143,data/new_crops/before/haircut face before after 1_5.jpg,0.0,1.0,0.0,1.0
144,data/new_crops/before/beard before after face chinese 2_17.jpg,0.0,0.0,0.0,1.0
145,data/new_crops/before/beard before after 5_70.jpg,0.0,0.0,1.0,1.0
146,data/new_crops/before/glasses before after 1_64.jpg,0.0,1.0,0.0,1.0
147,data/new_crops/before/drag queen before after 3_18.jpg,0.0,1.0,0.0,1.0
148,data/new_crops/before/haircut face before after 3_72.jpg,0.0,0.0,0.0,1.0
149,data/new_crops/before/beard before after 3_40.jpg,0.0,0.0,0.0,0.0
150,data/new_crops/before/images 1 makeup before and after_20.jpg,1.0,0.0,0.0,0.0
151,data/new_crops/before/beard before after 1_94.jpg,0.0,0.0,0.0,0.0
152,data/new_crops/before/beard before after 2_1.jpg,1.0,1.0,0.0,1.0
153,data/new_crops/before/makeup before after 3_93.jpg,0.0,1.0,1.0,1.0
154,data/new_crops/before/hiardoo before after men 6_23.jpg,0.0,0.0,0.0,1.0
155,data/new_crops/before/beard before after 5_20.jpg,0.0,1.0,0.0,1.0
156,data/new_crops/before/haircut face before after 1_129.jpg,0.0,0.0,0.0,0.0
157,data/new_crops/before/drag queen face before after 1_15.jpg,0.0,0.0,0.0,1.0
158,data/new_crops/before/makeup before after 3_115.jpg,0.0,0.0,0.0,1.0
159,data/new_crops/before/makeupe before after 6_71.jpg,0.0,1.0,0.0,1.0
160,data/new_crops/before/beard before after face chinese 2_102.jpg,0.0,1.0,0.0,1.0
161,data/new_crops/before/drag queen face before after 1_93.jpg,0.0,0.0,0.0,0.0
162,data/new_crops/before/haircut face before after 3_8.jpg,1.0,0.0,0.0,1.0
163,data/new_crops/before/haircut face before after 2_140.jpg,0.0,0.0,0.0,0.0
164,data/new_crops/before/beard before after 1_63.jpg,0.0,1.0,0.0,1.0
165,data/new_crops/before/beard before after 1_28.jpg,0.0,1.0,0.0,1.0
166,data/new_crops/before/glasses before after 1_46.jpg,0.0,0.0,0.0,0.0
167,data/new_crops/before/makeup before after chinese_145.jpg,0.0,1.0,1.0,1.0
168,data/new_crops/before/images 1 makeup before and after_79 - Copy.jpg,0.0,1.0,0.0,1.0
169,data/new_crops/before/beard before after 1_20.jpg,0.0,0.0,0.0,1.0
170,data/new_crops/before/beard before after 1_121.jpg,0.0,1.0,0.0,1.0
171,data/new_crops/before/haircut face before after 3_141.jpg,0.0,0.0,1.0,0.0
172,data/new_crops/before/beard before after 1_141.jpg,1.0,1.0,1.0,1.0
173,data/new_crops/before/beard before after face chinese 2_48.jpg,1.0,0.0,0.0,1.0
174,data/new_crops/before/drag queen before after 3_57.jpg,0.0,0.0,0.0,0.0
175,data/new_crops/before/hairdoo before and after men 5_102.jpg,0.0,1.0,0.0,1.0
176,data/new_crops/before/beard before after 1_99.jpg,0.0,0.0,0.0,0.0
177,data/new_crops/before/haircut face before after 3_73.jpg,0.0,1.0,0.0,1.0
178,data/new_crops/before/beard before after face chinese 2_25.jpg,0.0,0.0,0.0,0.0
179,data/new_crops/before/haircut face before after 3_16.jpg,0.0,0.0,0.0,1.0
180,data/new_crops/before/drag queen face before after 2_49.jpg,0.0,1.0,0.0,1.0
181,data/new_crops/before/makeup before after arabic_85.jpg,0.0,1.0,0.0,1.0
182,data/new_crops/before/beard before after face chinese 1_50.jpg,0.0,0.0,0.0,0.0
183,data/new_crops/before/makeupe before after 6_66.jpg,0.0,1.0,0.0,0.0
184,data/new_crops/before/beard before after 1_24.jpg,0.0,1.0,0.0,0.0
185,data/new_crops/before/images 1 makeup before and after_21.jpg,0.0,0.0,0.0,0.0
186,data/new_crops/before/haircut face before after 1_62.jpg,0.0,0.0,0.0,0.0
187,data/new_crops/before/haircut face before after 1_55.jpg,0.0,0.0,0.0,1.0
188,data/new_crops/before/haircut face before after 3_146.jpg,0.0,1.0,0.0,0.0
189,data/new_crops/before/beard before after face chinese 2_66.jpg,0.0,1.0,0.0,1.0
190,data/new_crops/before/images 1 makeup before and after_33.jpg,0.0,0.0,0.0,1.0
191,data/new_crops/before/haircut face before after 3_148.jpg,1.0,0.0,1.0,0.0
192,data/new_crops/before/hairdoo before and after men 5_41.jpg,0.0,0.0,0.0,0.0
193,data/new_crops/before/drag queen face before after 1_111.jpg,0.0,0.0,0.0,0.0
194,data/new_crops/before/beard before after face chinese 1_7.jpg,0.0,1.0,1.0,1.0
195,data/new_crops/before/hairdoocut before after chinese 2_126.jpg,0.0,0.0,0.0,1.0
196,data/new_crops/before/images 1 makeup before and after_44.jpg,0.0,0.0,0.0,0.0
197,data/new_crops/before/beard before after 5_10.jpg,0.0,0.0,0.0,0.0
198,data/new_crops/before/makeup before after 4_71.jpg,0.0,1.0,0.0,1.0
199,data/new_crops/before/makeup before after 3_81.jpg,0.0,1.0,0.0,1.0
200,data/new_crops/before/haircut face before after 1_109.jpg,0.0,1.0,0.0,0.0
201,data/new_crops/before/beard before after 2_123.jpg,0.0,1.0,0.0,1.0
202,data/new_crops/before/hairdoo before and after men 5_26.jpg,0.0,1.0,0.0,1.0
203,data/new_crops/before/drag queen face before after 2_53.jpg,0.0,1.0,0.0,0.0
204,data/new_crops/before/haircut face before after 3_125.jpg,1.0,1.0,0.0,1.0
205,data/new_crops/before/hairdoo before and after men 5_104.jpg,0.0,1.0,1.0,0.0
206,data/new_crops/before/beard before after 1_79.jpg,0.0,0.0,0.0,0.0
207,data/new_crops/before/haircut face before after 2_80.jpg,0.0,1.0,1.0,1.0
208,data/new_crops/before/haircut face before after 1_28.jpg,0.0,1.0,0.0,0.0
209,data/new_crops/before/makeup before after 3_17.jpg,0.0,0.0,0.0,0.0
210,data/new_crops/before/beard before after 1_31.jpg,1.0,1.0,0.0,0.0
211,data/new_crops/before/drag queen face before after 2_7.jpg,0.0,0.0,1.0,0.0
212,data/new_crops/before/drag queen before after 3_39.jpg,0.0,1.0,0.0,1.0
213,data/new_crops/before/haircut face before after 3_5.jpg,1.0,1.0,1.0,0.0
214,data/new_crops/before/makeup before after 3_66.jpg,0.0,1.0,0.0,0.0
215,data/new_crops/before/drag queen face before after 2_21.jpg,0.0,0.0,0.0,0.0
216,data/new_crops/before/haircut face before after 2_63.jpg,0.0,0.0,0.0,1.0
217,data/new_crops/before/drag queen face before after 2_112.jpg,0.0,1.0,1.0,0.0
218,data/new_crops/before/haircut face before after 3_66.jpg,1.0,1.0,1.0,1.0
219,data/new_crops/before/images 1 makeup before and after_29 - Copy.jpg,0.0,0.0,0.0,0.0
220,data/new_crops/before/drag queen face before after 1_68.jpg,0.0,1.0,0.0,1.0
221,data/new_crops/before/drag queen face before after 1_38.jpg,1.0,1.0,0.0,1.0
222,data/new_crops/before/beard before after 1_135.jpg,0.0,1.0,0.0,1.0
223,data/new_crops/before/drag queen face before after 2_42.jpg,0.0,0.0,0.0,0.0
224,data/new_crops/before/makeupe before after 6_70.jpg,0.0,0.0,0.0,1.0
225,data/new_crops/before/haircut face before after 1_126.jpg,0.0,0.0,0.0,1.0
226,data/new_crops/before/makeup before after 5_63.jpg,0.0,0.0,0.0,0.0
227,data/new_crops/before/drag queen face before after 1_126.jpg,0.0,0.0,1.0,0.0
228,data/new_crops/before/hairdoo before and after men 5_27.jpg,0.0,1.0,0.0,1.0
229,data/new_crops/before/drag queen face before after 1_45.jpg,0.0,0.0,0.0,1.0
230,data/new_crops/before/drag queen face before after 2_109.jpg,0.0,1.0,0.0,1.0
231,data/new_crops/before/images 1 makeup before and after_16.jpg,0.0,0.0,0.0,1.0
232,data/new_crops/before/makeup before after 4_5.jpg,0.0,0.0,0.0,0.0
233,data/new_crops/before/makeup before after 3_16.jpg,0.0,0.0,0.0,0.0
234,data/new_crops/before/makeup before after 3_58.jpg,0.0,1.0,0.0,0.0
235,data/new_crops/before/hiardoo before after men 6_137.jpg,1.0,0.0,0.0,0.0
236,data/new_crops/before/haircut face before after 1_39.jpg,0.0,0.0,0.0,1.0
237,data/new_crops/before/hairdoo before and after men 5_13.jpg,0.0,0.0,0.0,0.0
238,data/new_crops/before/makeup before after chinese_13.jpg,0.0,1.0,0.0,1.0
239,data/new_crops/before/beard before after face chinese 1_142.jpg,0.0,1.0,0.0,1.0
240,data/new_crops/before/makeup before after 3_4.jpg,0.0,1.0,0.0,0.0
241,data/new_crops/before/beard before after 1_107.jpg,0.0,1.0,0.0,1.0
242,data/new_crops/before/hairdoocut before after chinese 2_33.jpg,1.0,1.0,0.0,0.0
243,data/new_crops/before/makeup before after 4_82.jpg,0.0,1.0,0.0,0.0
244,data/new_crops/before/hairdoo before and after men 5_68.jpg,0.0,1.0,0.0,1.0
245,data/new_crops/before/glasses before after 1_44.jpg,0.0,0.0,0.0,1.0
246,data/new_crops/before/makeupe before after 6_102.jpg,0.0,1.0,0.0,1.0
247,data/new_crops/before/makeup before after 3_36.jpg,1.0,0.0,0.0,0.0
248,data/new_crops/before/images 1 makeup before and after_130.jpg,0.0,0.0,0.0,0.0
249,data/new_crops/before/haircut face before after 3_63.jpg,0.0,1.0,0.0,0.0
250,data/new_crops/before/makeup before after 4_14.jpg,1.0,1.0,1.0,1.0
251,data/new_crops/before/drag queen face before after 1_23.jpg,0.0,0.0,0.0,0.0
252,data/new_crops/before/makeup before after 3_89.jpg,0.0,0.0,0.0,1.0
253,data/new_crops/before/haircut face before after 1_12.jpg,0.0,0.0,1.0,1.0
254,data/new_crops/before/makeup before after 3_132.jpg,0.0,0.0,0.0,0.0
255,data/new_crops/before/beard before after 5_39.jpg,0.0,1.0,0.0,0.0
256,data/new_crops/before/drag queen face before after 2_73.jpg,0.0,1.0,0.0,0.0
257,data/new_crops/before/beard before after 3_124.jpg,0.0,0.0,0.0,0.0
258,data/new_crops/before/beard before after 1_91.jpg,0.0,0.0,0.0,0.0
259,data/new_crops/before/beard before after 2_25.jpg,0.0,1.0,0.0,0.0
260,data/new_crops/before/drag queen before after 3_65.jpg,0.0,1.0,0.0,1.0
261,data/new_crops/before/makeup before after 3_133.jpg,0.0,1.0,0.0,0.0
262,data/new_crops/before/beard before after face chinese 1_12.jpg,0.0,1.0,0.0,1.0
263,data/new_crops/before/makeup before after 3_94.jpg,0.0,0.0,0.0,0.0
264,data/new_crops/before/haircut face before after 1_8.jpg,0.0,0.0,0.0,0.0
265,data/new_crops/before/makeup before after 3_11.jpg,0.0,0.0,0.0,1.0
266,data/new_crops/before/makeup before after chinese_72.jpg,0.0,0.0,0.0,1.0
267,data/new_crops/before/haircut face before after 3_37.jpg,0.0,0.0,0.0,1.0
268,data/new_crops/before/beard before after face chinese 1_63.jpg,0.0,0.0,0.0,0.0
269,data/new_crops/before/haircut face before after 1_38.jpg,0.0,1.0,1.0,1.0
270,data/new_crops/before/drag queen face before after 1_84.jpg,0.0,0.0,0.0,1.0
271,data/new_crops/before/glasses before after 1_42.jpg,0.0,0.0,0.0,0.0
272,data/new_crops/before/drag queen face before after 2_47.jpg,0.0,1.0,0.0,0.0
273,data/new_crops/before/makeup before after 3_98.jpg,0.0,0.0,0.0,1.0
274,data/new_crops/before/drag queen face before after 1_100.jpg,0.0,0.0,0.0,1.0
275,data/new_crops/before/makeup before after 4_41.jpg,0.0,1.0,0.0,1.0
276,data/new_crops/before/haircut face before after 1_71.jpg,0.0,0.0,0.0,1.0
277,data/new_crops/before/haircut face before after 2_57.jpg,0.0,1.0,0.0,1.0
278,data/new_crops/before/drag queen face before after 1_19.jpg,0.0,1.0,0.0,1.0
279,data/new_crops/before/makeup before after arabic_17.jpg,0.0,0.0,0.0,1.0
280,data/new_crops/before/haircut face before after 2_17.jpg,0.0,1.0,0.0,1.0
281,data/new_crops/before/drag queen face before after 1_120.jpg,0.0,0.0,0.0,0.0
282,data/new_crops/before/makeup before after 3_56.jpg,0.0,1.0,0.0,1.0
283,data/new_crops/before/makeup before after arabic_10.jpg,0.0,0.0,0.0,0.0
284,data/new_crops/before/drag queen face before after 1_87.jpg,0.0,1.0,1.0,1.0
285,data/new_crops/before/makeup before after 3_8.jpg,0.0,0.0,1.0,1.0
286,data/new_crops/before/drag queen face before after 2_136.jpg,0.0,1.0,0.0,0.0
287,data/new_crops/before/hairdoocut before after chinese 2_84.jpg,0.0,0.0,0.0,0.0
288,data/new_crops/before/beard before after 1_143.jpg,0.0,0.0,0.0,1.0
289,data/new_crops/before/makeup before after 5_88.jpg,0.0,0.0,0.0,1.0
290,data/new_crops/before/beard before after 4_40.jpg,0.0,1.0,0.0,1.0
291,data/new_crops/before/haircut face before after 2_15.jpg,0.0,0.0,0.0,0.0
292,data/new_crops/before/beard before after face chinese 2_68.jpg,0.0,0.0,0.0,1.0
293,data/new_crops/before/hairdoo before and after men 5_141.jpg,0.0,0.0,0.0,0.0
294,data/new_crops/before/hairdoo before and after men 5_95.jpg,0.0,1.0,0.0,1.0
295,data/new_crops/before/beard before after 2_52.jpg,0.0,1.0,0.0,0.0
296,data/new_crops/before/makeup before after chinese_102.jpg,0.0,0.0,0.0,0.0
297,data/new_crops/before/beard before after 5_4.jpg,0.0,0.0,0.0,1.0
298,data/new_crops/before/beard before after face chinese 1_131.jpg,0.0,1.0,0.0,1.0
299,data/new_crops/before/haircut face before after 1_122.jpg,1.0,1.0,1.0,1.0
300,data/new_crops/before/images 1 makeup before and after_38.jpg,0.0,1.0,1.0,1.0
301,data/new_crops/before/hairdoo before and after men 5_31.jpg,1.0,1.0,1.0,1.0
302,data/new_crops/before/makeup before after chinese_53.jpg,0.0,0.0,0.0,0.0
303,data/new_crops/before/haircut face before after 1_61.jpg,1.0,0.0,0.0,0.0
304,data/new_crops/before/haircut face before after 1_128.jpg,1.0,1.0,0.0,0.0
305,data/new_crops/before/drag queen face before after 1_8.jpg,0.0,1.0,0.0,0.0
306,data/new_crops/before/images 1 makeup before and after_23.jpg,0.0,0.0,0.0,1.0
307,data/new_crops/before/beard before after 2_72.jpg,0.0,0.0,0.0,1.0
308,data/new_crops/before/hairdoocut before after chinese 2_106.jpg,0.0,0.0,0.0,1.0
309,data/new_crops/before/haircut face before after 1_10.jpg,0.0,0.0,1.0,0.0
310,data/new_crops/before/makeup before after 3_12.jpg,1.0,0.0,0.0,0.0
311,data/new_crops/before/haircut face before after 1_52.jpg,0.0,0.0,0.0,1.0
312,data/new_crops/before/makeup before after 3_29.jpg,0.0,1.0,0.0,1.0
313,data/new_crops/before/images 1 makeup before and after_91.jpg,0.0,1.0,0.0,0.0
314,data/new_crops/before/beard before after 5_140.jpg,0.0,0.0,0.0,1.0
315,data/new_crops/before/makeup before after arabic_137.jpg,0.0,1.0,0.0,1.0
316,data/new_crops/before/beard before after 1_139.jpg,0.0,0.0,0.0,1.0
317,data/new_crops/before/haircut face before after 1_96.jpg,0.0,0.0,0.0,0.0
318,data/new_crops/before/haircut face before after 3_48.jpg,1.0,1.0,1.0,1.0
319,data/new_crops/before/beard before after 1_6.jpg,0.0,0.0,0.0,1.0
320,data/new_crops/before/beard before after 2_16.jpg,0.0,0.0,0.0,1.0
321,data/new_crops/before/haircut face before after 1_34.jpg,0.0,0.0,0.0,1.0
322,data/new_crops/before/makeup before after 3_146.jpg,0.0,1.0,0.0,1.0
323,data/new_crops/before/drag queen face before after 1_104.jpg,0.0,1.0,1.0,1.0
324,data/new_crops/before/beard before after face chinese 1_22.jpg,0.0,0.0,0.0,0.0
325,data/new_crops/before/glasses before after 1_48.jpg,0.0,1.0,1.0,1.0
326,data/new_crops/before/makeup before after chinese_26.jpg,0.0,0.0,0.0,0.0
327,data/new_crops/before/images 1 makeup before and after_115.jpg,0.0,0.0,0.0,0.0
328,data/new_crops/before/beard before after 1_2.jpg,0.0,1.0,0.0,1.0
329,data/new_crops/before/haircut face before after 2_81.jpg,0.0,1.0,0.0,0.0
330,data/new_crops/before/beard before after 5_41.jpg,1.0,1.0,0.0,0.0
331,data/new_crops/before/makeup before after 3_91.jpg,0.0,1.0,0.0,0.0
332,data/new_crops/before/makeup before after 3_26.jpg,0.0,1.0,0.0,0.0
333,data/new_crops/before/beard before after face chinese 1_110.jpg,0.0,0.0,0.0,0.0
334,data/new_crops/before/haircut face befoe after 4_9.jpg,0.0,0.0,0.0,0.0
335,data/new_crops/before/drag queen before after 3_13.jpg,0.0,1.0,0.0,0.0
336,data/new_crops/before/drag queen face before after 1_69.jpg,0.0,0.0,0.0,0.0
337,data/new_crops/before/drag queen face before after 1_91.jpg,0.0,1.0,0.0,1.0
338,data/new_crops/before/makeup before after chinese_111.jpg,0.0,0.0,0.0,0.0
339,data/new_crops/before/beard before after 2_17.jpg,0.0,0.0,0.0,0.0
340,data/new_crops/before/beard before after 1_51.jpg,1.0,1.0,0.0,1.0
341,data/new_crops/before/beard before after face chinese 1_141.jpg,0.0,1.0,0.0,0.0
342,data/new_crops/before/drag queen face before after 1_28.jpg,0.0,1.0,0.0,1.0
343,data/new_crops/before/haircut face before after 3_40.jpg,0.0,0.0,0.0,1.0
344,data/new_crops/before/beard before after face chinese 2_95.jpg,0.0,0.0,1.0,0.0
345,data/new_crops/before/makeup before after 3_79.jpg,0.0,1.0,0.0,1.0
346,data/new_crops/before/beard before after face chinese 2_74.jpg,0.0,0.0,0.0,0.0
347,data/new_crops/before/images 1 makeup before and after_113.jpg,0.0,0.0,0.0,0.0
348,data/new_crops/before/hiardoo before after men 6_10.jpg,0.0,1.0,0.0,1.0
349,data/new_crops/before/makeup before after 4_106.jpg,0.0,0.0,0.0,0.0
350,data/new_crops/before/hairdoo before and after men 5_17.jpg,0.0,1.0,0.0,0.0
351,data/new_crops/before/beard before after 3_65.jpg,0.0,0.0,0.0,1.0
352,data/new_crops/before/haircut face before after 3_4.jpg,1.0,0.0,1.0,0.0
353,data/new_crops/before/haircut face before after 3_95.jpg,0.0,1.0,0.0,1.0
354,data/new_crops/before/images 1 makeup before and after_56.jpg,0.0,0.0,0.0,0.0
355,data/new_crops/before/haircut face before after 1_30.jpg,0.0,1.0,0.0,1.0
356,data/new_crops/before/haircut face before after 1_98.jpg,0.0,1.0,0.0,0.0
357,data/new_crops/before/beard before after 5_11.jpg,0.0,1.0,0.0,0.0
358,data/new_crops/before/makeup before after chinese_149.jpg,0.0,1.0,0.0,0.0
359,data/new_crops/before/haircut face before after 3_2.jpg,1.0,0.0,0.0,0.0
360,data/new_crops/before/haircut face before after 1_1.jpg,0.0,0.0,0.0,1.0
361,data/new_crops/before/drag queen before after 3_135.jpg,0.0,0.0,0.0,0.0
362,data/new_crops/before/beard before after 2_65.jpg,0.0,0.0,1.0,0.0
363,data/new_crops/before/makeup before after 4_19.jpg,0.0,0.0,0.0,1.0
364,data/new_crops/before/makeup before after 3_65.jpg,0.0,0.0,0.0,1.0
365,data/new_crops/before/makeup before after 3_110.jpg,0.0,0.0,0.0,1.0
366,data/new_crops/before/haircut face before after 2_62.jpg,0.0,1.0,1.0,1.0
367,data/new_crops/before/haircut face before after 2_149.jpg,1.0,0.0,1.0,0.0
368,data/new_crops/before/makeup before after 3_136.jpg,0.0,1.0,0.0,0.0
369,data/new_crops/before/beard before after 2_3.jpg,0.0,1.0,0.0,1.0
370,data/new_crops/before/makeup before after arabic_109.jpg,0.0,1.0,0.0,1.0
371,data/new_crops/before/hairdoo before and after men 5_64.jpg,1.0,1.0,0.0,1.0
372,data/new_crops/before/images 1 makeup before and after_112.jpg,0.0,0.0,0.0,0.0
373,data/new_crops/before/makeup before after 3_145.jpg,0.0,1.0,0.0,1.0
374,data/new_crops/before/drag queen face before after 2_137.jpg,0.0,0.0,1.0,1.0
375,data/new_crops/before/glasses before after 1_13.jpg,0.0,0.0,0.0,0.0
376,data/new_crops/before/haircut face before after 3_136.jpg,0.0,1.0,0.0,1.0
377,data/new_crops/before/haircut face before after 1_117.jpg,0.0,1.0,0.0,1.0
378,data/new_crops/before/drag queen face before after 1_95.jpg,0.0,1.0,0.0,1.0
379,data/new_crops/before/haircut face before after 3_51.jpg,0.0,1.0,0.0,1.0
380,data/new_crops/before/beard before after 5_110.jpg,0.0,1.0,0.0,1.0
381,data/new_crops/before/hairdoo before and after men 5_14.jpg,0.0,0.0,0.0,1.0
382,data/new_crops/before/beard before after 1_5.jpg,1.0,1.0,1.0,1.0
383,data/new_crops/before/haircut face before after 1_60.jpg,0.0,0.0,0.0,0.0
384,data/new_crops/before/haircut face before after 3_147.jpg,0.0,0.0,0.0,0.0
385,data/new_crops/before/haircut face befoe after 4_66.jpg,0.0,0.0,0.0,1.0
386,data/new_crops/before/drag queen face before after 1_110.jpg,0.0,1.0,0.0,1.0
387,data/new_crops/before/beard before after 5_56.jpg,0.0,1.0,0.0,1.0
388,data/new_crops/before/beard before after 2_83.jpg,0.0,0.0,0.0,1.0
389,data/new_crops/before/hairdoo before and after men 5_88.jpg,0.0,1.0,0.0,0.0
390,data/new_crops/before/hairdoocut before after chinese 2_113.jpg,0.0,1.0,0.0,0.0
391,data/new_crops/before/makeup before after 4_68.jpg,0.0,0.0,0.0,1.0
392,data/new_crops/before/glasses before after 1_15.jpg,0.0,1.0,0.0,0.0
393,data/new_crops/before/makeup before after 3_18.jpg,0.0,0.0,0.0,0.0
394,data/new_crops/before/beard before after face chinese 1_92.jpg,0.0,1.0,0.0,1.0
395,data/new_crops/before/drag queen face before after 2_51.jpg,0.0,0.0,0.0,0.0
396,data/new_crops/before/haircut face before after 3_3.jpg,1.0,0.0,0.0,0.0
397,data/new_crops/before/makeup before after 3_92.jpg,0.0,1.0,0.0,1.0
398,data/new_crops/before/glasses before after 1_5.jpg,0.0,0.0,1.0,1.0
399,data/new_crops/before/images 1 makeup before and after_83.jpg,0.0,0.0,0.0,1.0
400,data/new_crops/before/makeup before after 5_59.jpg,0.0,0.0,0.0,0.0
401,data/new_crops/before/haircut face before after 2_4.jpg,0.0,1.0,0.0,1.0
402,data/new_crops/before/images 1 makeup before and after_114.jpg,0.0,1.0,0.0,0.0
403,data/new_crops/before/haircut face before after 2_28.jpg,0.0,1.0,0.0,1.0
404,data/new_crops/before/beard before after 4_0.jpg,0.0,1.0,0.0,1.0
405,data/new_crops/before/beard before after 1_122.jpg,0.0,0.0,0.0,1.0
406,data/new_crops/before/beard before after 3_21.jpg,0.0,1.0,0.0,1.0
407,data/new_crops/before/beard before after 2_103.jpg,0.0,0.0,0.0,0.0
408,data/new_crops/before/beard before after face chinese 1_35.jpg,1.0,1.0,0.0,1.0
409,data/new_crops/before/makeupe before after 6_94.jpg,0.0,1.0,0.0,1.0
410,data/new_crops/before/beard before after face chinese 1_126.jpg,0.0,1.0,0.0,1.0
411,data/new_crops/before/makeup before after 3_111.jpg,0.0,1.0,0.0,1.0
412,data/new_crops/before/beard before after 1_8.jpg,0.0,1.0,0.0,1.0
413,data/new_crops/before/beard before after 2_49.jpg,0.0,1.0,0.0,1.0
414,data/new_crops/before/beard before after 5_30.jpg,0.0,0.0,0.0,0.0
415,data/new_crops/before/haircut face before after 1_118.jpg,0.0,1.0,0.0,0.0
416,data/new_crops/before/images 1 makeup before and after_2.jpg,0.0,1.0,0.0,0.0
417,data/new_crops/before/haircut face before after 3_134.jpg,0.0,0.0,0.0,1.0
418,data/new_crops/before/makeup before after 4_121.jpg,1.0,0.0,1.0,0.0
419,data/new_crops/before/haircut face before after 2_137.jpg,0.0,1.0,0.0,1.0
420,data/new_crops/before/makeupe before after 6_86.jpg,0.0,1.0,0.0,1.0
421,data/new_crops/before/beard before after 1_38.jpg,0.0,0.0,0.0,0.0
422,data/new_crops/before/beard before after 4_61.jpg,0.0,1.0,1.0,1.0
423,data/new_crops/before/beard before after 1_44.jpg,0.0,1.0,0.0,1.0
424,data/new_crops/before/haircut face befoe after 4_17.jpg,1.0,0.0,0.0,0.0
425,data/new_crops/before/makeup before after 3_129.jpg,0.0,1.0,0.0,1.0
426,data/new_crops/before/makeup before after arabic_92.jpg,0.0,0.0,0.0,1.0
427,data/new_crops/before/haircut face before after 1_113.jpg,0.0,1.0,0.0,1.0
428,data/new_crops/before/haircut face before after 3_21.jpg,1.0,0.0,1.0,0.0
429,data/new_crops/before/images 1 makeup before and after_27 - Copy.jpg,0.0,1.0,0.0,0.0
430,data/new_crops/before/hiardoo before after men 6_26.jpg,0.0,0.0,0.0,0.0
431,data/new_crops/before/drag queen face before after 1_145.jpg,0.0,1.0,1.0,1.0
432,data/new_crops/before/makeup before after 3_57.jpg,0.0,0.0,0.0,1.0
433,data/new_crops/before/makeup before after chinese_75.jpg,0.0,1.0,0.0,0.0
434,data/new_crops/before/hairdoo before and after men 5_55.jpg,0.0,1.0,0.0,1.0
435,data/new_crops/before/beard before after 3_92.jpg,0.0,0.0,0.0,1.0
436,data/new_crops/before/haircut face before after 2_25.jpg,0.0,0.0,0.0,0.0
437,data/new_crops/before/makeup before after 4_36.jpg,0.0,0.0,0.0,0.0
438,data/new_crops/before/images 1 makeup before and after_4.jpg,0.0,1.0,0.0,1.0
439,data/new_crops/before/beard before after 1_49.jpg,0.0,0.0,0.0,1.0
440,data/new_crops/before/beard before after 1_64.jpg,0.0,1.0,0.0,0.0
441,data/new_crops/before/images 1 makeup before and after_58.jpg,1.0,1.0,1.0,1.0
442,data/new_crops/before/drag queen face before after 2_57.jpg,0.0,0.0,0.0,0.0
443,data/new_crops/before/beard before after face chinese 2_57.jpg,0.0,1.0,0.0,1.0
444,data/new_crops/before/beard before after 1_134.jpg,0.0,0.0,0.0,0.0
445,data/new_crops/before/beard before after face chinese 2_116.jpg,0.0,1.0,0.0,0.0
446,data/new_crops/before/beard before after 2_20.jpg,0.0,0.0,0.0,1.0
447,data/new_crops/before/beard before after face chinese 2_49.jpg,0.0,0.0,0.0,0.0
448,data/new_crops/before/hairdoocut before after chinese 2_43.jpg,0.0,0.0,0.0,0.0
449,data/new_crops/before/makeup before after 4_34.jpg,0.0,1.0,0.0,1.0
450,data/new_crops/before/haircut face before after 2_18.jpg,0.0,1.0,0.0,1.0
451,data/new_crops/before/haircut face before after 1_22.jpg,0.0,1.0,0.0,1.0
452,data/new_crops/before/makeup before after chinese_3.jpg,0.0,0.0,0.0,0.0
453,data/new_crops/before/drag queen face before after 1_29.jpg,1.0,1.0,0.0,0.0
454,data/new_crops/before/beard before after face chinese 1_48.jpg,0.0,1.0,0.0,1.0
455,data/new_crops/before/images 1 makeup before and after_118.jpg,0.0,1.0,1.0,0.0
456,data/new_crops/before/beard before after 1_1.jpg,0.0,1.0,0.0,1.0
457,data/new_crops/before/haircut face before after 3_36.jpg,1.0,0.0,1.0,0.0
458,data/new_crops/before/drag queen before after 3_70.jpg,0.0,0.0,0.0,1.0
459,data/new_crops/before/beard before after face chinese 2_140.jpg,0.0,0.0,0.0,0.0
460,data/new_crops/before/beard before after 2_102.jpg,0.0,1.0,0.0,0.0
461,data/new_crops/before/haircut face before after 2_78.jpg,0.0,0.0,0.0,0.0
462,data/new_crops/before/hairdoocut before after chinese 2_18.jpg,0.0,1.0,0.0,1.0
463,data/new_crops/before/haircut face before after 1_140.jpg,0.0,0.0,0.0,1.0
464,data/new_crops/before/haircut face before after 1_133.jpg,0.0,1.0,0.0,0.0
465,data/new_crops/before/haircut face before after 3_80.jpg,1.0,1.0,0.0,1.0
466,data/new_crops/before/makeup before after 3_122.jpg,0.0,1.0,0.0,1.0
467,data/new_crops/before/hairdoo before and after men 5_147.jpg,1.0,1.0,1.0,1.0
468,data/new_crops/before/beard before after 5_43.jpg,0.0,1.0,0.0,1.0
469,data/new_crops/before/hairdoo before and after men 5_130.jpg,0.0,0.0,0.0,1.0
470,data/new_crops/before/haircut face before after 2_103.jpg,0.0,1.0,0.0,1.0
471,data/new_crops/before/drag queen face before after 1_99.jpg,0.0,1.0,0.0,1.0
472,data/new_crops/before/beard before after 2_59.jpg,0.0,1.0,0.0,1.0
473,data/new_crops/before/beard before after face chinese 2_67.jpg,0.0,1.0,0.0,1.0
474,data/new_crops/before/drag queen face before after 2_107.jpg,0.0,0.0,1.0,0.0
475,data/new_crops/before/images 1 makeup before and after_104.jpg,0.0,1.0,0.0,1.0
476,data/new_crops/before/makeup before after 5_102.jpg,0.0,1.0,0.0,1.0
477,data/new_crops/before/hairdoo before and after men 5_47.jpg,0.0,1.0,1.0,1.0
478,data/new_crops/before/beard before after face chinese 1_9.jpg,0.0,1.0,0.0,0.0
479,data/new_crops/before/makeup before after 3_40.jpg,0.0,1.0,0.0,1.0
480,data/new_crops/before/images 1 makeup before and after_48.jpg,0.0,0.0,0.0,1.0
481,data/new_crops/before/haircut face before after 3_124.jpg,0.0,0.0,0.0,0.0
482,data/new_crops/before/makeup before after arabic_119.jpg,0.0,1.0,0.0,1.0
483,data/new_crops/before/makeup before after 3_67.jpg,0.0,1.0,0.0,0.0
484,data/new_crops/before/makeup before after 3_130.jpg,0.0,1.0,0.0,1.0
485,data/new_crops/before/makeup before after 3_103.jpg,0.0,0.0,0.0,0.0
486,data/new_crops/before/haircut face before after 2_22.jpg,0.0,1.0,0.0,1.0
487,data/new_crops/before/makeup before after 3_6.jpg,0.0,0.0,0.0,1.0
488,data/new_crops/before/haircut face before after 1_58.jpg,0.0,0.0,1.0,1.0
489,data/new_crops/before/haircut face before after 2_51.jpg,0.0,0.0,1.0,0.0
490,data/new_crops/before/glasses before after 1_8.jpg,0.0,1.0,0.0,1.0
491,data/new_crops/before/haircut face befoe after 4_39.jpg,0.0,1.0,0.0,0.0
492,data/new_crops/before/haircut face before after 2_88.jpg,1.0,1.0,0.0,1.0
493,data/new_crops/before/beard before after 1_82.jpg,0.0,0.0,0.0,0.0
494,data/new_crops/before/drag queen before after 3_100.jpg,0.0,1.0,0.0,1.0
495,data/new_crops/before/images 1 makeup before and after_27.jpg,0.0,1.0,0.0,0.0
496,data/new_crops/before/beard before after 1_46.jpg,0.0,0.0,0.0,1.0
497,data/new_crops/before/beard before after face chinese 2_53.jpg,0.0,0.0,0.0,0.0
498,data/new_crops/before/hiardoo before after men 6_124.jpg,0.0,1.0,0.0,1.0
499,data/new_crops/before/beard before after face chinese 1_117.jpg,0.0,1.0,0.0,1.0
500,data/new_crops/before/beard before after 2_135.jpg,0.0,1.0,0.0,1.0
501,data/new_crops/before/haircut face before after 1_100.jpg,0.0,0.0,0.0,1.0
502,data/new_crops/before/beard before after 5_6.jpg,0.0,1.0,0.0,1.0
503,data/new_crops/before/makeup before after 3_74.jpg,0.0,1.0,0.0,1.0
504,data/new_crops/before/beard before after face chinese 2_21.jpg,0.0,1.0,0.0,1.0
505,data/new_crops/before/drag queen face before after 1_102.jpg,0.0,1.0,0.0,1.0
506,data/new_crops/before/beard before after 3_86.jpg,0.0,0.0,0.0,1.0
507,data/new_crops/before/haircut face before after 3_12.jpg,1.0,0.0,1.0,0.0
508,data/new_crops/before/makeup before after chinese_93.jpg,0.0,0.0,0.0,0.0
509,data/new_crops/before/haircut face before after 2_98.jpg,0.0,1.0,0.0,1.0
510,data/new_crops/before/haircut face before after 1_99.jpg,0.0,0.0,0.0,0.0
511,data/new_crops/before/beard before after face chinese 1_102.jpg,0.0,1.0,0.0,1.0
512,data/new_crops/before/makeup before after 4_6.jpg,0.0,1.0,0.0,0.0
513,data/new_crops/before/makeup before after 3_143.jpg,0.0,0.0,0.0,1.0
514,data/new_crops/before/images 1 makeup before and after_124.jpg,0.0,0.0,0.0,0.0
515,data/new_crops/before/drag queen before after 3_82.jpg,0.0,1.0,0.0,1.0
516,data/new_crops/before/haircut face before after 1_31.jpg,0.0,0.0,0.0,1.0
517,data/new_crops/before/makeup before after arabic_46.jpg,0.0,1.0,0.0,1.0
518,data/new_crops/before/beard before after 2_81.jpg,0.0,1.0,0.0,1.0
519,data/new_crops/before/makeup before after 3_128.jpg,1.0,1.0,0.0,0.0
520,data/new_crops/before/beard before after 1_70.jpg,0.0,0.0,0.0,0.0
521,data/new_crops/before/hairdoocut before after chinese 2_34.jpg,0.0,1.0,0.0,0.0
522,data/new_crops/before/drag queen face before after 2_33.jpg,0.0,0.0,0.0,1.0
523,data/new_crops/before/drag queen face before after 2_128.jpg,0.0,0.0,0.0,1.0
524,data/new_crops/before/beard before after 1_11.jpg,0.0,1.0,0.0,0.0
525,data/new_crops/before/makeup before after 3_45.jpg,0.0,0.0,0.0,1.0
526,data/new_crops/before/makeup before after chinese_67.jpg,0.0,0.0,0.0,0.0
527,data/new_crops/before/images 1 makeup before and after_92.jpg,0.0,1.0,1.0,0.0
528,data/new_crops/before/makeup before after 4_4.jpg,0.0,1.0,0.0,1.0
529,data/new_crops/before/beard before after 1_37.jpg,0.0,1.0,0.0,0.0
530,data/new_crops/before/drag queen face before after 1_131.jpg,1.0,1.0,1.0,0.0
531,data/new_crops/before/makeup before after 4_13.jpg,0.0,1.0,0.0,1.0
532,data/new_crops/before/beard before after 2_122.jpg,0.0,0.0,0.0,1.0
533,data/new_crops/before/haircut face before after 1_15.jpg,0.0,0.0,0.0,0.0
534,data/new_crops/before/makeup before after arabic_82.jpg,0.0,0.0,0.0,0.0
535,data/new_crops/before/images 1 makeup before and after_17.jpg,0.0,1.0,0.0,1.0
536,data/new_crops/before/hiardoo before after men 6_3.jpg,1.0,0.0,1.0,1.0
537,data/new_crops/before/beard before after 5_102.jpg,0.0,0.0,0.0,1.0
538,data/new_crops/before/beard before after 3_51.jpg,0.0,0.0,0.0,1.0
539,data/new_crops/before/drag queen before after 3_20.jpg,0.0,0.0,0.0,1.0
540,data/new_crops/before/haircut face before after 3_135.jpg,0.0,0.0,0.0,0.0
541,data/new_crops/before/makeup before after 5_93.jpg,1.0,0.0,1.0,0.0
542,data/new_crops/before/drag queen face before after 1_78.jpg,0.0,1.0,1.0,1.0
543,data/new_crops/before/makeup before after 5_62.jpg,0.0,0.0,0.0,0.0
544,data/new_crops/before/beard before after 1_9.jpg,0.0,1.0,0.0,0.0
545,data/new_crops/before/makeup before after 4_15.jpg,0.0,0.0,0.0,1.0
546,data/new_crops/before/haircut face before after 2_125.jpg,1.0,1.0,1.0,1.0
547,data/new_crops/before/haircut face before after 1_139.jpg,0.0,0.0,0.0,0.0
548,data/new_crops/before/haircut face before after 3_59.jpg,0.0,0.0,0.0,0.0
549,data/new_crops/before/makeup before after chinese_52.jpg,1.0,1.0,0.0,0.0
550,data/new_crops/before/beard before after face chinese 1_96.jpg,0.0,1.0,0.0,1.0
551,data/new_crops/before/haircut face before after 5_148.jpg,0.0,1.0,0.0,1.0
552,data/new_crops/before/makeup before after chinese_12.jpg,0.0,0.0,0.0,1.0
553,data/new_crops/before/makeup before after 3_13.jpg,0.0,0.0,0.0,0.0
554,data/new_crops/before/beard before after 1_146.jpg,0.0,0.0,0.0,1.0
555,data/new_crops/before/beard before after 5_59.jpg,0.0,0.0,0.0,1.0
556,data/new_crops/before/haircut face befoe after 4_12.jpg,1.0,1.0,1.0,1.0
557,data/new_crops/before/images 1 makeup before and after_105.jpg,0.0,0.0,0.0,0.0
558,data/new_crops/before/makeup before after chinese_107.jpg,0.0,1.0,1.0,1.0
559,data/new_crops/before/makeup before after chinese_118.jpg,0.0,1.0,0.0,1.0
560,data/new_crops/before/haircut face befoe after 4_70.jpg,0.0,1.0,0.0,0.0
561,data/new_crops/before/beard before after face chinese 2_75.jpg,0.0,0.0,0.0,1.0
562,data/new_crops/before/beard before after 1_114.jpg,0.0,1.0,0.0,0.0
563,data/new_crops/before/makeup before after 4_104.jpg,1.0,1.0,1.0,1.0
564,data/new_crops/before/haircut face before after 3_44.jpg,0.0,0.0,0.0,1.0
565,data/new_crops/before/drag queen face before after 2_28.jpg,0.0,0.0,0.0,0.0
566,data/new_crops/before/haircut face before after 3_109.jpg,0.0,0.0,0.0,1.0
567,data/new_crops/before/makeup before after 4_114.jpg,1.0,0.0,0.0,0.0
568,data/new_crops/before/haircut face before after 1_19.jpg,0.0,1.0,1.0,1.0
569,data/new_crops/before/makeup before after 3_104.jpg,1.0,1.0,1.0,1.0
570,data/new_crops/before/makeupe before after 6_88.jpg,0.0,0.0,0.0,1.0
571,data/new_crops/before/hairdoo before and after men 5_140.jpg,0.0,0.0,0.0,0.0
572,data/new_crops/before/images 1 makeup before and after_26 - Copy.jpg,0.0,0.0,0.0,0.0
573,data/new_crops/before/images 1 makeup before and after_84.jpg,1.0,0.0,0.0,1.0
574,data/new_crops/before/beard before after 1_101.jpg,0.0,0.0,0.0,0.0
575,data/new_crops/before/makeup before after 3_41.jpg,0.0,1.0,0.0,1.0
576,data/new_crops/before/beard before after 5_23.jpg,0.0,1.0,0.0,1.0
577,data/new_crops/before/haircut face before after 1_3.jpg,0.0,0.0,0.0,0.0
578,data/new_crops/before/images 1 makeup before and after_24 - Copy.jpg,0.0,0.0,0.0,1.0
579,data/new_crops/before/makeup before after 3_5.jpg,0.0,0.0,0.0,0.0
580,data/new_crops/before/haircut face befoe after 4_11.jpg,1.0,0.0,1.0,0.0
581,data/new_crops/before/makeup before after chinese_121.jpg,0.0,1.0,0.0,1.0
582,data/new_crops/before/beard before after 2_10.jpg,0.0,0.0,0.0,0.0
583,data/new_crops/before/beard before after 1_25.jpg,0.0,1.0,1.0,0.0
584,data/new_crops/before/makeup before after 3_75.jpg,0.0,1.0,0.0,1.0
585,data/new_crops/before/images 1 makeup before and after_24.jpg,0.0,0.0,0.0,1.0
586,data/new_crops/before/haircut face before after 5_1.jpg,0.0,0.0,0.0,0.0
587,data/new_crops/before/beard before after face chinese 2_0.jpg,0.0,1.0,0.0,1.0
588,data/new_crops/before/makeupe before after 6_64.jpg,0.0,1.0,0.0,0.0
589,data/new_crops/before/drag queen face before after 2_31.jpg,0.0,1.0,1.0,1.0
590,data/new_crops/before/makeup before after 4_43.jpg,0.0,1.0,0.0,1.0
591,data/new_crops/before/beard before after 2_40.jpg,0.0,0.0,0.0,1.0
592,data/new_crops/before/haircut face before after 1_105.jpg,0.0,1.0,0.0,0.0
593,data/new_crops/before/haircut face before after 2_50.jpg,0.0,1.0,0.0,1.0
594,data/new_crops/before/haircut face befoe after 4_74.jpg,0.0,1.0,0.0,1.0
595,data/new_crops/before/makeup before after chinese_27.jpg,0.0,0.0,0.0,1.0
596,data/new_crops/before/beard before after 1_57.jpg,0.0,1.0,0.0,1.0
597,data/new_crops/before/makeup before after 4_39.jpg,0.0,0.0,0.0,0.0
598,data/new_crops/before/haircut face before after 3_84.jpg,0.0,1.0,0.0,1.0
599,data/new_crops/before/makeup before after chinese_139.jpg,0.0,0.0,0.0,0.0
600,data/new_crops/before/drag queen before after 3_114.jpg,1.0,0.0,0.0,0.0
601,data/new_crops/before/makeup before after chinese_116.jpg,1.0,1.0,0.0,1.0
602,data/new_crops/before/haircut face before after 1_120.jpg,0.0,1.0,0.0,1.0
603,data/new_crops/before/beard before after face chinese 2_126.jpg,0.0,0.0,0.0,0.0
604,data/new_crops/before/haircut face before after 3_0.jpg,0.0,1.0,0.0,1.0
605,data/new_crops/before/beard before after 3_107.jpg,0.0,0.0,0.0,1.0
606,data/new_crops/before/beard before after 2_74.jpg,0.0,0.0,1.0,1.0
607,data/new_crops/before/haircut face before after 1_67.jpg,0.0,0.0,0.0,0.0
608,data/new_crops/before/hairdoocut before after chinese 2_20.jpg,0.0,0.0,0.0,1.0
609,data/new_crops/before/makeup before after 5_114.jpg,1.0,0.0,0.0,0.0
610,data/new_crops/before/drag queen face before after 1_3.jpg,0.0,1.0,1.0,1.0
611,data/new_crops/before/haircut face before after 3_54.jpg,0.0,0.0,0.0,0.0
612,data/new_crops/before/beard before after 1_36.jpg,0.0,0.0,0.0,1.0
613,data/new_crops/before/beard before after face chinese 1_72.jpg,0.0,1.0,0.0,1.0
614,data/new_crops/before/makeup before after arabic_93.jpg,0.0,1.0,0.0,1.0
615,data/new_crops/before/hiardoo before after men 6_20.jpg,0.0,0.0,0.0,0.0
616,data/new_crops/before/haircut face before after 2_101.jpg,0.0,1.0,0.0,0.0
617,data/new_crops/before/images 1 makeup before and after_54.jpg,0.0,1.0,0.0,1.0
618,data/new_crops/before/haircut face before after 2_54.jpg,0.0,0.0,0.0,0.0
619,data/new_crops/before/drag queen face before after 1_18.jpg,0.0,0.0,0.0,0.0
620,data/new_crops/before/beard before after 3_128.jpg,0.0,1.0,0.0,0.0
621,data/new_crops/before/makeup before after chinese_85.jpg,1.0,1.0,1.0,0.0
622,data/new_crops/before/makeup before after 3_118.jpg,0.0,1.0,0.0,0.0
623,data/new_crops/before/hiardoo before after men 6_129.jpg,0.0,1.0,0.0,0.0
624,data/new_crops/before/images 1 makeup before and after_68.jpg,0.0,0.0,0.0,1.0
625,data/new_crops/before/haircut face before after 1_17.jpg,0.0,0.0,0.0,0.0
626,data/new_crops/before/makeup before after 3_131.jpg,0.0,0.0,0.0,0.0
627,data/new_crops/before/makeupe before after 6_127.jpg,0.0,1.0,0.0,1.0
628,data/new_crops/before/makeup before after 3_0.jpg,1.0,1.0,1.0,1.0
629,data/new_crops/before/makeupe before after 6_129.jpg,0.0,0.0,0.0,0.0
630,data/new_crops/before/beard before after face chinese 2_142.jpg,0.0,0.0,0.0,1.0
631,data/new_crops/before/images 1 makeup before and after_19.jpg,0.0,0.0,1.0,0.0
632,data/new_crops/before/beard before after 2_112.jpg,0.0,0.0,0.0,1.0
633,data/new_crops/before/beard before after 1_40.jpg,0.0,0.0,0.0,0.0
634,data/new_crops/before/beard before after 5_52.jpg,0.0,0.0,1.0,0.0
635,data/new_crops/before/haircut face before after 1_104.jpg,0.0,1.0,1.0,1.0
636,data/new_crops/before/hairdoocut before after chinese 2_115.jpg,0.0,1.0,0.0,1.0
637,data/new_crops/before/makeup before after arabic_55.jpg,0.0,1.0,0.0,0.0
638,data/new_crops/before/beard before after 1_140.jpg,0.0,0.0,0.0,0.0
639,data/new_crops/before/makeup before after 3_99.jpg,0.0,0.0,0.0,0.0
640,data/new_crops/before/images 1 makeup before and after_64.jpg,1.0,0.0,0.0,0.0
641,data/new_crops/before/haircut face befoe after 4_3.jpg,0.0,0.0,0.0,0.0
642,data/new_crops/before/haircut face befoe after 4_63.jpg,0.0,0.0,0.0,0.0
643,data/new_crops/before/beard before after 1_22.jpg,0.0,0.0,0.0,0.0
644,data/new_crops/before/glasses before after 1_82.jpg,0.0,0.0,0.0,0.0
645,data/new_crops/before/makeup before after 4_107.jpg,0.0,1.0,0.0,1.0
646,data/new_crops/before/makeup before after chinese_59.jpg,1.0,1.0,0.0,0.0
647,data/new_crops/before/hairdoocut before after chinese 2_97.jpg,0.0,0.0,0.0,0.0
648,data/new_crops/before/images 1 makeup before and after_62.jpg,0.0,0.0,0.0,1.0
649,data/new_crops/before/makeup before after chinese_106.jpg,0.0,0.0,0.0,0.0
650,data/new_crops/before/haircut face befoe after 4_19.jpg,0.0,1.0,1.0,0.0
651,data/new_crops/before/drag queen face before after 2_12.jpg,0.0,0.0,0.0,0.0
652,data/new_crops/before/haircut face before after 3_15.jpg,0.0,1.0,1.0,1.0
653,data/new_crops/before/beard before after 1_10.jpg,0.0,1.0,0.0,1.0
654,data/new_crops/before/makeup before after chinese_125.jpg,0.0,0.0,0.0,0.0
655,data/new_crops/before/beard before after 1_96.jpg,1.0,0.0,0.0,1.0
656,data/new_crops/before/drag queen before after 3_10.jpg,0.0,0.0,0.0,0.0
657,data/new_crops/before/hairdoo before and after men 5_144.jpg,0.0,0.0,0.0,0.0
658,data/new_crops/before/glasses before after 2_70.jpg,0.0,1.0,1.0,1.0
659,data/new_crops/before/drag queen face before after 1_97.jpg,0.0,0.0,0.0,1.0
660,data/new_crops/before/beard before after 2_19.jpg,0.0,1.0,0.0,1.0
661,data/new_crops/before/haircut face before after 1_65.jpg,0.0,1.0,0.0,1.0
662,data/new_crops/before/haircut face before after 1_36.jpg,0.0,1.0,0.0,1.0
663,data/new_crops/before/haircut face before after 3_103.jpg,1.0,0.0,0.0,0.0
664,data/new_crops/before/beard before after 2_124.jpg,0.0,1.0,0.0,0.0
665,data/new_crops/before/beard before after 1_18.jpg,0.0,1.0,0.0,1.0
666,data/new_crops/before/beard before after 2_77.jpg,0.0,1.0,0.0,0.0
667,data/new_crops/before/haircut face before after 3_97.jpg,0.0,0.0,0.0,0.0
668,data/new_crops/before/makeup before after 3_135.jpg,0.0,1.0,0.0,1.0
669,data/new_crops/before/haircut face before after 1_130.jpg,1.0,0.0,1.0,1.0
670,data/new_crops/before/beard before after 1_119.jpg,0.0,1.0,0.0,1.0
671,data/new_crops/before/haircut face before after 2_41.jpg,0.0,1.0,0.0,0.0
672,data/new_crops/before/haircut face before after 1_68.jpg,0.0,0.0,0.0,1.0
673,data/new_crops/before/haircut face before after 2_133.jpg,1.0,1.0,1.0,0.0
674,data/new_crops/before/haircut face before after 3_128.jpg,0.0,0.0,0.0,0.0
675,data/new_crops/before/makeup before after 3_52.jpg,0.0,0.0,0.0,0.0
676,data/new_crops/before/beard before after face chinese 2_92.jpg,0.0,0.0,0.0,0.0
677,data/new_crops/before/beard before after 5_58.jpg,0.0,0.0,0.0,1.0
678,data/new_crops/before/haircut face before after 1_9.jpg,1.0,0.0,1.0,1.0
679,data/new_crops/before/drag queen face before after 2_11.jpg,0.0,0.0,0.0,1.0
680,data/new_crops/before/beard before after 1_86.jpg,0.0,1.0,0.0,0.0
681,data/new_crops/before/beard before after 1_92.jpg,0.0,0.0,0.0,0.0
682,data/new_crops/before/beard before after 3_6.jpg,1.0,1.0,0.0,1.0
683,data/new_crops/before/hairdoo before and after men 5_56.jpg,0.0,1.0,1.0,1.0
684,data/new_crops/before/hairdoo before and after men 5_131.jpg,0.0,1.0,0.0,1.0
685,data/new_crops/before/haircut face before after 2_139.jpg,1.0,1.0,0.0,1.0
686,data/new_crops/before/beard before after 1_115.jpg,0.0,0.0,0.0,0.0
687,data/new_crops/before/haircut face before after 3_101.jpg,0.0,0.0,0.0,1.0
688,data/new_crops/before/beard before after 1_19.jpg,0.0,0.0,0.0,0.0
689,data/new_crops/before/drag queen face before after 1_60.jpg,0.0,0.0,0.0,1.0
690,data/new_crops/before/makeup before after 3_54.jpg,0.0,1.0,0.0,0.0
691,data/new_crops/before/haircut face before after 1_53.jpg,0.0,0.0,0.0,0.0
692,data/new_crops/before/beard before after face chinese 2_29.jpg,0.0,0.0,0.0,1.0
693,data/new_crops/before/beard before after 1_124.jpg,0.0,0.0,0.0,0.0
694,data/new_crops/before/haircut face before after 2_7.jpg,0.0,1.0,0.0,0.0
695,data/new_crops/before/haircut face before after 1_13.jpg,0.0,1.0,0.0,1.0
696,data/new_crops/before/makeup before after 4_63.jpg,0.0,0.0,0.0,0.0
697,data/new_crops/before/beard before after 1_14.jpg,0.0,1.0,0.0,1.0
698,data/new_crops/before/images 1 makeup before and after_31 - Copy.jpg,0.0,0.0,0.0,0.0
699,data/new_crops/before/images 1 makeup before and after_30 - Copy.jpg,0.0,1.0,0.0,0.0
700,data/new_crops/before/makeup before after 4_0.jpg,0.0,1.0,0.0,1.0
701,data/new_crops/before/glasses before after 1_140.jpg,0.0,0.0,0.0,0.0
702,data/new_crops/before/haircut face before after 3_78.jpg,0.0,0.0,0.0,0.0
703,data/new_crops/before/beard before after 1_132.jpg,0.0,0.0,0.0,0.0
704,data/new_crops/before/beard before after 2_120.jpg,0.0,0.0,0.0,0.0
705,data/new_crops/before/makeup before after arabic_139.jpg,0.0,1.0,0.0,1.0
706,data/new_crops/before/beard before after 3_87.jpg,1.0,1.0,0.0,0.0
707,data/new_crops/before/makeup before after 4_27.jpg,0.0,0.0,0.0,1.0
708,data/new_crops/before/beard before after face chinese 1_29.jpg,0.0,1.0,0.0,1.0
709,data/new_crops/before/beard before after 2_110.jpg,0.0,0.0,0.0,0.0
710,data/new_crops/before/makeup before after arabic_70.jpg,0.0,1.0,0.0,1.0
711,data/new_crops/before/hairdoocut before after chinese 2_95.jpg,0.0,1.0,0.0,1.0
712,data/new_crops/before/drag queen face before after 2_99.jpg,1.0,0.0,0.0,0.0
713,data/new_crops/before/beard before after 1_88.jpg,0.0,0.0,0.0,0.0
714,data/new_crops/before/haircut face before after 3_92.jpg,1.0,1.0,1.0,0.0
715,data/new_crops/before/makeup before after 3_97.jpg,0.0,1.0,0.0,0.0
716,data/new_crops/before/images 1 makeup before and after_18.jpg,0.0,0.0,1.0,1.0
717,data/new_crops/before/beard before after 2_84.jpg,0.0,1.0,0.0,1.0
718,data/new_crops/before/beard before after face chinese 1_98.jpg,0.0,1.0,0.0,1.0
719,data/new_crops/before/makeup before after 4_72.jpg,0.0,1.0,0.0,1.0
720,data/new_crops/before/haircut face before after 2_1.jpg,0.0,0.0,1.0,1.0
721,data/new_crops/before/glasses before after 1_99.jpg,0.0,1.0,1.0,1.0
722,data/new_crops/before/makeup before after chinese_8.jpg,0.0,0.0,0.0,0.0
723,data/new_crops/before/beard before after 1_61.jpg,0.0,0.0,0.0,0.0
724,data/new_crops/before/drag queen face before after 2_36.jpg,0.0,1.0,0.0,1.0
725,data/new_crops/before/drag queen face before after 1_66.jpg,0.0,0.0,0.0,0.0
726,data/new_crops/before/beard before after 3_48.jpg,0.0,1.0,0.0,0.0
727,data/new_crops/before/haircut face before after 1_6.jpg,0.0,1.0,0.0,1.0
728,data/new_crops/before/beard before after 1_128.jpg,0.0,1.0,0.0,1.0
729,data/new_crops/before/images 1 makeup before and after_55.jpg,0.0,1.0,0.0,1.0
730,data/new_crops/before/beard before after face chinese 2_149.jpg,0.0,1.0,0.0,1.0
731,data/new_crops/before/haircut face before after 1_136.jpg,0.0,1.0,0.0,0.0
732,data/new_crops/before/makeup before after 4_77.jpg,0.0,0.0,0.0,0.0
733,data/new_crops/before/beard before after 1_23.jpg,0.0,0.0,0.0,1.0
734,data/new_crops/before/beard before after 5_5.jpg,0.0,0.0,0.0,0.0
735,data/new_crops/before/makeup before after 3_134.jpg,0.0,1.0,0.0,0.0
736,data/new_crops/before/images 1 makeup before and after_89.jpg,0.0,0.0,0.0,0.0
737,data/new_crops/before/haircut face before after 3_76.jpg,0.0,1.0,0.0,1.0
738,data/new_crops/before/makeup before after 4_59.jpg,0.0,0.0,0.0,0.0
739,data/new_crops/before/glasses before after 1_6.jpg,1.0,1.0,0.0,1.0
740,data/new_crops/before/makeup before after 4_70.jpg,0.0,0.0,0.0,1.0
741,data/new_crops/before/haircut face before after 2_148.jpg,0.0,1.0,0.0,0.0
742,data/new_crops/before/beard before after face chinese 1_18.jpg,0.0,1.0,0.0,1.0
743,data/new_crops/before/hairdoo before and after men 5_137.jpg,0.0,0.0,0.0,0.0
744,data/new_crops/before/beard before after 1_16.jpg,0.0,1.0,0.0,1.0
745,data/new_crops/before/haircut face before after 2_113.jpg,0.0,1.0,0.0,1.0
746,data/new_crops/before/beard before after face chinese 1_27.jpg,0.0,0.0,0.0,0.0
747,data/new_crops/before/haircut face befoe after 4_77.jpg,0.0,1.0,0.0,0.0
748,data/new_crops/before/hiardoo before after men 6_19.jpg,0.0,1.0,1.0,1.0
749,data/new_crops/before/beard before after 1_12.jpg,0.0,0.0,0.0,1.0
750,data/new_crops/before/beard before after face chinese 1_23.jpg,0.0,0.0,0.0,0.0
751,data/new_crops/before/beard before after 1_48.jpg,0.0,1.0,0.0,1.0
752,data/new_crops/before/drag queen face before after 1_98.jpg,0.0,0.0,0.0,1.0
753,data/new_crops/before/images 1 makeup before and after_15.jpg,0.0,0.0,0.0,0.0
754,data/new_crops/before/haircut face before after 2_20.jpg,1.0,1.0,0.0,0.0
755,data/new_crops/before/beard before after 1_136.jpg,0.0,0.0,0.0,0.0
756,data/new_crops/before/beard before after face chinese 1_78.jpg,0.0,1.0,0.0,1.0
757,data/new_crops/before/makeup before after chinese_6.jpg,1.0,1.0,0.0,1.0
758,data/new_crops/before/beard before after 2_108.jpg,0.0,1.0,0.0,0.0
759,data/new_crops/before/beard before after 1_29.jpg,0.0,0.0,0.0,0.0
760,data/new_crops/before/makeup before after 3_83.jpg,0.0,0.0,0.0,0.0
761,data/new_crops/before/images 1 makeup before and after_22.jpg,0.0,0.0,0.0,0.0
762,data/new_crops/before/haircut face before after 1_101.jpg,0.0,0.0,0.0,0.0
763,data/new_crops/before/beard before after face chinese 1_60.jpg,1.0,1.0,0.0,1.0
764,data/new_crops/before/beard before after 2_26.jpg,0.0,0.0,0.0,0.0
765,data/new_crops/before/beard before after face chinese 2_13.jpg,0.0,0.0,0.0,0.0
766,data/new_crops/before/images 1 makeup before and after_88.jpg,0.0,0.0,1.0,1.0
767,data/new_crops/before/makeup before after 5_72.jpg,0.0,1.0,0.0,1.0
768,data/new_crops/before/hairdoo before and after men 5_21.jpg,0.0,1.0,1.0,1.0
769,data/new_crops/before/makeup before after arabic_94.jpg,0.0,1.0,0.0,1.0
770,data/new_crops/before/drag queen face before after 1_16.jpg,0.0,1.0,0.0,1.0
771,data/new_crops/before/makeup before after chinese_103.jpg,0.0,0.0,0.0,0.0
772,data/new_crops/before/beard before after 1_67.jpg,0.0,0.0,0.0,0.0
773,data/new_crops/before/makeup before after 4_97.jpg,0.0,1.0,0.0,0.0
774,data/new_crops/before/beard before after face chinese 1_25.jpg,0.0,1.0,0.0,1.0
775,data/new_crops/before/haircut face before after 2_45.jpg,0.0,1.0,0.0,1.0
776,data/new_crops/before/haircut face before after 3_122.jpg,1.0,0.0,0.0,0.0
777,data/new_crops/before/images 1 makeup before and after_9.jpg,0.0,1.0,0.0,1.0
778,data/new_crops/before/beard before after face chinese 2_120.jpg,0.0,0.0,0.0,0.0
779,data/new_crops/before/beard before after 5_50.jpg,1.0,0.0,0.0,1.0
780,data/new_crops/before/haircut face before after 2_3.jpg,0.0,1.0,0.0,0.0
781,data/new_crops/before/images 1 makeup before and after_12.jpg,0.0,1.0,0.0,1.0
782,data/new_crops/before/makeup before after chinese_17.jpg,0.0,0.0,0.0,0.0
783,data/new_crops/before/haircut face before after 2_42.jpg,1.0,0.0,1.0,0.0
784,data/new_crops/before/drag queen before after 3_25.jpg,0.0,1.0,0.0,0.0
785,data/new_crops/before/drag queen before after 3_69.jpg,0.0,0.0,0.0,1.0
786,data/new_crops/before/beard before after face chinese 2_97.jpg,0.0,1.0,0.0,1.0
787,data/new_crops/before/haircut face before after 3_117.jpg,0.0,1.0,0.0,0.0
788,data/new_crops/before/hairdoo before and after men 5_100.jpg,0.0,1.0,0.0,0.0
789,data/new_crops/before/images 1 makeup before and after_46.jpg,0.0,0.0,1.0,0.0
790,data/new_crops/before/haircut face before after 5_92.jpg,0.0,1.0,1.0,1.0
791,data/new_crops/before/makeup before after arabic_79.jpg,0.0,1.0,0.0,0.0
792,data/new_crops/before/beard before after 2_11.jpg,0.0,0.0,0.0,0.0
793,data/new_crops/before/beard before after 5_14.jpg,0.0,1.0,0.0,1.0
794,data/new_crops/before/makeup before after 3_138.jpg,0.0,0.0,1.0,0.0
795,data/new_crops/before/haircut face before after 2_66.jpg,0.0,1.0,0.0,0.0
796,data/new_crops/before/beard before after 1_52.jpg,0.0,1.0,0.0,1.0
797,data/new_crops/before/makeup before after chinese_15.jpg,0.0,0.0,0.0,0.0
798,data/new_crops/before/hiardoo before after men 6_149.jpg,0.0,0.0,0.0,1.0
799,data/new_crops/before/beard before after face chinese 1_4.jpg,1.0,1.0,1.0,1.0
800,data/new_crops/before/makeupe before after 6_63.jpg,0.0,0.0,0.0,0.0
801,data/new_crops/before/makeup before after chinese_60.jpg,0.0,1.0,0.0,0.0
802,data/new_crops/before/makeup before after 3_53.jpg,0.0,0.0,0.0,1.0
803,data/new_crops/before/images 1 makeup before and after_8.jpg,0.0,0.0,0.0,0.0
804,data/new_crops/before/hairdoocut before after chinese 2_37.jpg,0.0,0.0,0.0,1.0
805,data/new_crops/before/haircut face before after 3_140.jpg,0.0,0.0,0.0,0.0
806,data/new_crops/before/haircut face before after 3_90.jpg,1.0,0.0,0.0,0.0
807,data/new_crops/before/makeup before after 5_96.jpg,0.0,0.0,0.0,0.0
808,data/new_crops/before/drag queen face before after 1_10.jpg,1.0,1.0,0.0,1.0
809,data/new_crops/before/beard before after 2_70.jpg,1.0,0.0,0.0,0.0
810,data/new_crops/before/drag queen before after 3_106.jpg,1.0,0.0,0.0,0.0
811,data/new_crops/before/hairdoo before and after men 5_142.jpg,0.0,1.0,0.0,1.0
812,data/new_crops/before/haircut face before after 1_89.jpg,0.0,0.0,0.0,0.0
813,data/new_crops/before/beard before after face chinese 2_9.jpg,0.0,1.0,0.0,1.0
814,data/new_crops/before/beard before after face chinese 2_12.jpg,0.0,1.0,0.0,1.0
815,data/new_crops/before/images 1 makeup before and after_29.jpg,0.0,0.0,0.0,0.0
816,data/new_crops/before/makeup before after chinese_11.jpg,0.0,1.0,0.0,0.0
817,data/new_crops/before/drag queen before after 4_80.jpg,0.0,0.0,1.0,0.0
818,data/new_crops/before/makeup before after 4_38.jpg,0.0,0.0,0.0,0.0
819,data/new_crops/before/haircut face befoe after 4_59.jpg,0.0,0.0,0.0,0.0
820,data/new_crops/before/haircut face before after 1_131.jpg,0.0,1.0,0.0,1.0
821,data/new_crops/before/hairdoo before and after men 5_10.jpg,0.0,1.0,0.0,0.0
822,data/new_crops/before/haircut face before after 2_44.jpg,0.0,1.0,0.0,1.0
823,data/new_crops/before/makeup before after chinese_77.jpg,0.0,1.0,0.0,1.0
824,data/new_crops/before/haircut face before after 2_109.jpg,0.0,1.0,0.0,1.0
825,data/new_crops/before/makeup before after chinese_10.jpg,1.0,0.0,0.0,0.0
826,data/new_crops/before/makeup before after 3_46.jpg,1.0,1.0,0.0,1.0
827,data/new_crops/before/haircut face before after 1_33.jpg,0.0,1.0,0.0,0.0
828,data/new_crops/before/images 1 makeup before and after_79.jpg,1.0,1.0,0.0,0.0
829,data/new_crops/before/makeupe before after 6_72.jpg,0.0,1.0,0.0,1.0
830,data/new_crops/before/hairdoo before and after men 5_128.jpg,0.0,1.0,0.0,1.0
831,data/new_crops/before/haircut face before after 3_42.jpg,1.0,0.0,1.0,0.0
832,data/new_crops/before/images 1 makeup before and after_34.jpg,0.0,0.0,0.0,0.0
833,data/new_crops/before/drag queen before after 3_46.jpg,0.0,1.0,0.0,0.0
834,data/new_crops/before/drag queen face before after 1_11.jpg,0.0,0.0,0.0,0.0
835,data/new_crops/before/haircut face before after 3_62.jpg,1.0,0.0,1.0,1.0
836,data/new_crops/before/haircut face before after 3_53.jpg,0.0,1.0,1.0,1.0
837,data/new_crops/before/drag queen face before after 1_77.jpg,0.0,1.0,0.0,1.0
838,data/new_crops/before/beard before after 5_19.jpg,0.0,1.0,0.0,0.0
839,data/new_crops/before/drag queen face before after 2_56.jpg,0.0,1.0,0.0,1.0
840,data/new_crops/before/haircut face before after 1_57.jpg,0.0,0.0,0.0,1.0
841,data/new_crops/before/beard before after 1_97.jpg,0.0,1.0,0.0,0.0
842,data/new_crops/before/haircut face before after 2_116.jpg,1.0,0.0,0.0,0.0
843,data/new_crops/before/drag queen face before after 2_143.jpg,0.0,0.0,0.0,1.0
844,data/new_crops/before/makeup before after 4_40.jpg,0.0,0.0,0.0,0.0
845,data/new_crops/before/drag queen face before after 1_74.jpg,0.0,0.0,0.0,1.0
846,data/new_crops/before/haircut face before after 2_107.jpg,0.0,1.0,0.0,1.0
847,data/new_crops/before/beard before after 1_30.jpg,0.0,0.0,0.0,0.0
848,data/new_crops/before/haircut face befoe after 4_4.jpg,1.0,0.0,1.0,0.0
849,data/new_crops/before/drag queen before after 3_7.jpg,1.0,1.0,0.0,1.0
850,data/new_crops/before/drag queen face before after 2_83.jpg,0.0,0.0,1.0,1.0
851,data/new_crops/before/haircut face before after 3_45.jpg,0.0,1.0,1.0,1.0
852,data/new_crops/before/drag queen face before after 1_34.jpg,0.0,0.0,0.0,1.0
853,data/new_crops/before/beard before after 3_102.jpg,1.0,1.0,0.0,1.0
854,data/new_crops/before/haircut face befoe after 4_21.jpg,0.0,0.0,0.0,1.0
855,data/new_crops/before/drag queen face before after 1_72.jpg,0.0,0.0,0.0,1.0
856,data/new_crops/before/images 1 makeup before and after_100.jpg,0.0,1.0,0.0,1.0
857,data/new_crops/before/makeup before after 3_21.jpg,0.0,0.0,0.0,0.0
858,data/new_crops/before/beard before after 3_20.jpg,0.0,0.0,0.0,1.0
859,data/new_crops/before/beard before after 1_120.jpg,0.0,1.0,0.0,1.0
860,data/new_crops/before/beard before after 1_126.jpg,0.0,1.0,0.0,1.0
861,data/new_crops/before/haircut face befoe after 4_64.jpg,0.0,1.0,0.0,0.0
862,data/new_crops/before/beard before after 3_18.jpg,0.0,0.0,0.0,0.0
863,data/new_crops/before/drag queen face before after 1_114.jpg,1.0,1.0,0.0,1.0
864,data/new_crops/before/haircut face before after 3_121.jpg,0.0,0.0,0.0,1.0
865,data/new_crops/before/makeupe before after 6_97.jpg,0.0,1.0,0.0,0.0
866,data/new_crops/before/drag queen face before after 1_80.jpg,1.0,1.0,0.0,1.0
867,data/new_crops/before/makeup before after arabic_123.jpg,0.0,1.0,0.0,1.0
868,data/new_crops/before/beard before after face chinese 2_23.jpg,0.0,0.0,0.0,0.0
869,data/new_crops/before/drag queen before after 3_23.jpg,0.0,1.0,0.0,0.0
870,data/new_crops/before/beard before after 3_118.jpg,0.0,0.0,0.0,1.0
871,data/new_crops/before/haircut face before after 3_71.jpg,1.0,0.0,0.0,0.0
872,data/new_crops/before/beard before after 2_12.jpg,0.0,0.0,0.0,1.0
873,data/new_crops/before/hiardoo before after men 6_121.jpg,0.0,1.0,0.0,1.0
874,data/new_crops/before/haircut face before after 1_102.jpg,0.0,0.0,0.0,1.0
875,data/new_crops/before/makeup before after chinese_96.jpg,0.0,0.0,0.0,0.0
876,data/new_crops/before/images 1 makeup before and after_102.jpg,0.0,1.0,0.0,0.0
877,data/new_crops/before/makeup before after arabic_77.jpg,0.0,0.0,0.0,1.0
878,data/new_crops/before/beard before after 5_116.jpg,0.0,0.0,0.0,0.0
879,data/new_crops/before/makeup before after arabic_0.jpg,0.0,0.0,0.0,1.0
880,data/new_crops/before/glasses before after 1_17.jpg,0.0,0.0,0.0,0.0
881,data/new_crops/before/makeup before after chinese_83.jpg,1.0,0.0,1.0,0.0
882,data/new_crops/before/makeup before after arabic_15.jpg,0.0,1.0,0.0,0.0
883,data/new_crops/before/images 1 makeup before and after_43.jpg,0.0,0.0,0.0,0.0
884,data/new_crops/before/hairdoo before and after men 5_79.jpg,0.0,1.0,0.0,1.0
885,data/new_crops/before/makeup before after 5_82.jpg,0.0,1.0,0.0,0.0
886,data/new_crops/before/makeup before after 3_102.jpg,0.0,1.0,0.0,1.0
887,data/new_crops/before/makeup before after 3_19.jpg,1.0,0.0,0.0,1.0
888,data/new_crops/before/images 1 makeup before and after_6.jpg,1.0,1.0,1.0,1.0
889,data/new_crops/before/beard before after face chinese 1_40.jpg,0.0,1.0,0.0,1.0
890,data/new_crops/before/drag queen face before after 1_4.jpg,0.0,1.0,1.0,1.0
891,data/new_crops/before/makeup before after 3_70.jpg,0.0,1.0,0.0,0.0
892,data/new_crops/before/images 1 makeup before and after_21 - Copy.jpg,0.0,0.0,0.0,0.0
893,data/new_crops/before/makeup before after chinese_46.jpg,0.0,1.0,0.0,1.0
894,data/new_crops/before/makeup before after 3_148.jpg,0.0,0.0,0.0,1.0
895,data/new_crops/before/beard before after face chinese 1_16.jpg,0.0,0.0,0.0,0.0
896,data/new_crops/before/hairdoocut before after chinese 2_83.jpg,0.0,1.0,0.0,1.0
897,data/new_crops/before/makeup before after 4_66.jpg,0.0,1.0,0.0,0.0
898,data/new_crops/before/makeup before after 3_49.jpg,0.0,0.0,0.0,1.0
899,data/new_crops/before/beard before after face chinese 2_144.jpg,0.0,1.0,0.0,1.0
900,data/new_crops/before/makeupe before after 6_82.jpg,0.0,1.0,0.0,0.0
901,data/new_crops/before/beard before after 1_35.jpg,0.0,1.0,0.0,0.0
902,data/new_crops/before/images 1 makeup before and after_76.jpg,1.0,0.0,0.0,0.0
903,data/new_crops/before/drag queen face before after 1_17.jpg,0.0,0.0,0.0,0.0
904,data/new_crops/before/haircut face before after 2_131.jpg,0.0,1.0,1.0,1.0
905,data/new_crops/before/makeup before after chinese_99.jpg,1.0,0.0,0.0,0.0
906,data/new_crops/before/images 1 makeup before and after_42.jpg,1.0,1.0,1.0,1.0
907,data/new_crops/before/beard before after face chinese 1_10.jpg,1.0,1.0,0.0,1.0
908,data/new_crops/before/haircut face before after 1_21.jpg,1.0,1.0,0.0,0.0
909,data/new_crops/before/beard before after 1_26.jpg,0.0,0.0,0.0,0.0
910,data/new_crops/before/beard before after face chinese 2_110.jpg,0.0,1.0,0.0,1.0
911,data/new_crops/before/makeup before after 5_121.jpg,1.0,0.0,1.0,0.0
912,data/new_crops/before/beard before after 2_113.jpg,0.0,0.0,0.0,1.0
913,data/new_crops/before/drag queen face before after 2_74.jpg,0.0,1.0,0.0,1.0
914,data/new_crops/before/glasses before after 1_59.jpg,0.0,0.0,0.0,0.0
915,data/new_crops/before/makeupe before after 6_107.jpg,0.0,1.0,0.0,1.0
916,data/new_crops/before/drag queen face before after 2_84.jpg,0.0,0.0,0.0,1.0
917,data/new_crops/before/drag queen face before after 2_116.jpg,1.0,1.0,1.0,0.0
918,data/new_crops/before/beard before after 1_83.jpg,0.0,0.0,0.0,1.0
919,data/new_crops/before/makeup before after arabic_49.jpg,0.0,0.0,0.0,1.0
920,data/new_crops/before/haircut face before after 1_116.jpg,0.0,0.0,0.0,1.0
921,data/new_crops/before/drag queen face before after 2_9.jpg,0.0,0.0,0.0,0.0
922,data/new_crops/before/beard before after 5_16.jpg,0.0,1.0,0.0,0.0
923,data/new_crops/before/makeup before after 3_71.jpg,0.0,0.0,1.0,1.0
924,data/new_crops/before/beard before after face chinese 2_3.jpg,0.0,1.0,0.0,1.0
925,data/new_crops/before/makeup before after arabic_8.jpg,0.0,1.0,0.0,0.0
926,data/new_crops/before/images 1 makeup before and after_10.jpg,0.0,0.0,0.0,1.0
927,data/new_crops/before/beard before after face chinese 1_70.jpg,1.0,1.0,0.0,1.0
928,data/new_crops/before/drag queen face before after 2_124.jpg,0.0,0.0,0.0,1.0
929,data/new_crops/before/makeup before after 4_48.jpg,0.0,1.0,0.0,0.0
930,data/new_crops/before/haircut face before after 2_79.jpg,0.0,0.0,0.0,1.0
931,data/new_crops/before/beard before after face chinese 2_16.jpg,0.0,1.0,0.0,1.0
932,data/new_crops/before/makeup before after 3_60.jpg,0.0,1.0,0.0,0.0
933,data/new_crops/before/haircut face before after 1_16.jpg,0.0,1.0,0.0,1.0
934,data/new_crops/before/beard before after 1_95.jpg,0.0,1.0,0.0,1.0
935,data/new_crops/before/drag queen before after 3_22.jpg,0.0,1.0,0.0,1.0
936,data/new_crops/before/beard before after 1_73.jpg,1.0,1.0,0.0,1.0
937,data/new_crops/before/haircut face before after 1_0.jpg,0.0,1.0,0.0,1.0
938,data/new_crops/before/beard before after 1_129.jpg,0.0,0.0,0.0,0.0
939,data/new_crops/before/drag queen face before after 2_60.jpg,0.0,1.0,0.0,0.0
940,data/new_crops/before/makeup before after chinese_33.jpg,0.0,1.0,0.0,0.0
941,data/new_crops/before/beard before after 1_39.jpg,0.0,0.0,0.0,0.0
942,data/new_crops/before/images 1 makeup before and after_66.jpg,0.0,1.0,0.0,1.0
943,data/new_crops/before/makeup before after 4_42.jpg,0.0,1.0,0.0,0.0
944,data/new_crops/before/beard before after face chinese 1_5.jpg,0.0,1.0,0.0,0.0
945,data/new_crops/before/haircut face before after 2_119.jpg,0.0,1.0,0.0,0.0
946,data/new_crops/before/beard before after 1_138.jpg,0.0,0.0,0.0,1.0
947,data/new_crops/before/haircut face before after 1_14.jpg,1.0,0.0,0.0,0.0
948,data/new_crops/before/makeup before after chinese_0.jpg,0.0,0.0,0.0,0.0
949,data/new_crops/before/haircut face before after 1_87.jpg,0.0,1.0,0.0,1.0
950,data/new_crops/before/drag queen face before after 2_6.jpg,1.0,1.0,1.0,0.0
951,data/new_crops/before/drag queen face before after 1_143.jpg,0.0,0.0,0.0,1.0
952,data/new_crops/before/makeup before after chinese_57.jpg,1.0,1.0,1.0,0.0
953,data/new_crops/before/hairdoo before and after men 5_11.jpg,0.0,1.0,0.0,1.0
954,data/new_crops/before/beard before after 3_10.jpg,0.0,0.0,0.0,0.0
955,data/new_crops/before/beard before after face chinese 2_143.jpg,1.0,0.0,0.0,1.0
956,data/new_crops/before/makeup before after 4_127.jpg,0.0,1.0,0.0,1.0
957,data/new_crops/before/haircut face before after 3_94.jpg,0.0,1.0,1.0,1.0
958,data/new_crops/before/hairdoo before and after men 5_57.jpg,0.0,0.0,0.0,0.0
959,data/new_crops/before/images 1 makeup before and after_37.jpg,0.0,0.0,0.0,0.0
960,data/new_crops/before/drag queen face before after 1_46.jpg,1.0,1.0,0.0,0.0
961,data/new_crops/before/drag queen face before after 1_112.jpg,0.0,0.0,0.0,1.0
962,data/new_crops/before/haircut face before after 2_97.jpg,0.0,0.0,1.0,0.0
963,data/new_crops/before/beard before after face chinese 2_112.jpg,0.0,1.0,0.0,0.0
964,data/new_crops/before/beard before after 2_18.jpg,0.0,0.0,0.0,0.0
965,data/new_crops/before/beard before after 2_139.jpg,0.0,0.0,0.0,1.0
966,data/new_crops/before/makeup before after 3_87.jpg,0.0,0.0,0.0,0.0
967,data/new_crops/before/beard before after face chinese 2_50.jpg,0.0,0.0,0.0,1.0
968,data/new_crops/before/images 1 makeup before and after_31.jpg,0.0,1.0,0.0,0.0
969,data/new_crops/before/beard before after 2_90.jpg,0.0,0.0,0.0,0.0
970,data/new_crops/before/glasses before after 1_2.jpg,0.0,0.0,0.0,0.0
971,data/new_crops/before/drag queen face before after 2_50.jpg,1.0,0.0,0.0,0.0
972,data/new_crops/before/drag queen face before after 1_6.jpg,0.0,1.0,0.0,0.0
973,data/new_crops/before/beard before after 3_8.jpg,0.0,1.0,0.0,1.0
974,data/new_crops/before/beard before after 1_60.jpg,0.0,1.0,0.0,0.0
975,data/new_crops/before/beard before after 1_3.jpg,1.0,1.0,1.0,1.0
976,data/new_crops/before/beard before after 2_23.jpg,0.0,0.0,0.0,1.0
977,data/new_crops/before/makeup before after arabic_7.jpg,0.0,1.0,0.0,1.0
978,data/new_crops/before/drag queen before after 3_83.jpg,0.0,1.0,0.0,1.0
979,data/new_crops/before/drag queen face before after 2_40.jpg,0.0,1.0,0.0,1.0
980,data/new_crops/before/beard before after face chinese 1_2.jpg,0.0,0.0,0.0,0.0
981,data/new_crops/before/hiardoo before after men 6_27.jpg,0.0,1.0,0.0,1.0
982,data/new_crops/before/makeup before after chinese_92.jpg,0.0,0.0,0.0,0.0
983,data/new_crops/before/drag queen face before after 1_138.jpg,0.0,1.0,0.0,0.0
984,data/new_crops/before/haircut face before after 3_13.jpg,0.0,0.0,0.0,1.0
985,data/new_crops/before/haircut face before after 2_13.jpg,0.0,1.0,0.0,0.0
986,data/new_crops/before/beard before after 2_27.jpg,0.0,1.0,0.0,1.0
987,data/new_crops/before/haircut face before after 1_91.jpg,0.0,1.0,0.0,1.0
988,data/new_crops/before/makeup before after 4_56.jpg,0.0,1.0,1.0,0.0
989,data/new_crops/before/haircut face before after 3_106.jpg,0.0,1.0,0.0,0.0
990,data/new_crops/before/makeup before after chinese_71.jpg,0.0,0.0,0.0,0.0
991,data/new_crops/before/makeup before after chinese_63.jpg,0.0,1.0,0.0,0.0
992,data/new_crops/before/beard before after face chinese 1_11.jpg,0.0,0.0,0.0,1.0
993,data/new_crops/before/beard before after 1_45.jpg,1.0,1.0,0.0,1.0
994,data/new_crops/before/images 1 makeup before and after_108.jpg,0.0,1.0,0.0,0.0
995,data/new_crops/before/drag queen face before after 2_39.jpg,1.0,0.0,0.0,0.0
996,data/new_crops/before/haircut face before after 1_72.jpg,0.0,1.0,0.0,1.0
997,data/new_crops/before/beard before after face chinese 1_86.jpg,0.0,0.0,0.0,0.0
998,data/new_crops/before/makeup before after 4_17.jpg,0.0,0.0,0.0,1.0
999,data/new_crops/before/beard before after 2_32.jpg,0.0,0.0,0.0,0.0
1000,data/new_crops/before/drag queen face before after 1_125.jpg,0.0,0.0,0.0,0.0
1001,data/new_crops/before/makeup before after 3_64.jpg,0.0,1.0,0.0,1.0
1002,data/new_crops/before/beard before after face chinese 1_55.jpg,0.0,1.0,0.0,1.0
1003,data/new_crops/before/beard before after 5_108.jpg,0.0,0.0,0.0,1.0
1004,data/new_crops/before/haircut face before after 3_57.jpg,1.0,1.0,1.0,1.0
1005,data/new_crops/before/hairdoo before and after men 5_89.jpg,1.0,1.0,0.0,1.0
1006,data/new_crops/before/hiardoo before after men 6_125.jpg,0.0,0.0,0.0,0.0
1007,data/new_crops/before/glasses before after 1_80.jpg,0.0,0.0,0.0,0.0
1008,data/new_crops/before/haircut face before after 1_110.jpg,0.0,0.0,0.0,1.0
1009,data/new_crops/before/makeup before after 3_63.jpg,0.0,0.0,0.0,0.0
1010,data/new_crops/before/beard before after 1_71.jpg,0.0,1.0,0.0,1.0
1011,data/new_crops/before/drag queen face before after 1_115.jpg,0.0,1.0,0.0,1.0
1012,data/new_crops/before/drag queen face before after 1_132.jpg,0.0,0.0,0.0,1.0
1013,data/new_crops/before/makeup before after 3_105.jpg,0.0,0.0,0.0,0.0
1014,data/new_crops/before/beard before after 4_63.jpg,0.0,1.0,0.0,0.0
1015,data/new_crops/before/makeup before after chinese_55.jpg,0.0,0.0,0.0,0.0
1016,data/new_crops/before/beard before after 1_53.jpg,0.0,0.0,0.0,0.0
1017,data/new_crops/before/makeup before after chinese_18.jpg,0.0,0.0,0.0,0.0
1018,data/new_crops/before/haircut face befoe after 4_1.jpg,0.0,0.0,0.0,0.0
1019,data/new_crops/before/beard before after 1_34.jpg,0.0,0.0,0.0,0.0
1020,data/new_crops/before/hairdoo before and after men 5_124.jpg,0.0,1.0,0.0,1.0
1021,data/new_crops/before/beard before after face chinese 1_59.jpg,0.0,1.0,0.0,0.0
1022,data/new_crops/before/makeup before after arabic_104.jpg,0.0,1.0,0.0,1.0
1023,data/new_crops/before/haircut face before after 3_143.jpg,0.0,0.0,0.0,0.0
1024,data/new_crops/before/makeup before after chinese_113.jpg,1.0,0.0,0.0,0.0
1025,data/new_crops/before/beard before after 1_108.jpg,0.0,0.0,0.0,0.0
1026,data/new_crops/before/hairdoocut before after chinese 2_21.jpg,0.0,1.0,0.0,1.0
1027,data/new_crops/before/makeup before after 4_94.jpg,0.0,1.0,0.0,1.0
1028,data/new_crops/before/beard before after 1_47.jpg,0.0,1.0,0.0,0.0
1029,data/new_crops/before/haircut face before after 2_0.jpg,0.0,1.0,0.0,1.0
1030,data/new_crops/before/makeup before after 3_38.jpg,0.0,1.0,0.0,1.0
1031,data/new_crops/before/hairdoocut before after chinese 2_47.jpg,0.0,0.0,0.0,0.0
1032,data/new_crops/before/beard before after 1_104.jpg,0.0,0.0,0.0,0.0
1033,data/new_crops/before/makeup before after 4_54.jpg,0.0,0.0,0.0,0.0
1034,data/new_crops/before/makeup before after 3_10.jpg,0.0,1.0,0.0,0.0
1035,data/new_crops/before/makeup before after arabic_90.jpg,0.0,0.0,0.0,1.0
1036,data/new_crops/before/beard before after 1_65.jpg,0.0,1.0,0.0,0.0
1037,data/new_crops/before/beard before after 4_16.jpg,0.0,1.0,0.0,0.0
1038,data/new_crops/before/haircut face before after 3_79.jpg,0.0,0.0,0.0,0.0
1039,data/new_crops/before/haircut face before after 1_63.jpg,0.0,1.0,0.0,1.0
1040,data/new_crops/before/haircut face before after 1_25.jpg,0.0,0.0,0.0,0.0
1041,data/new_crops/before/beard before after face chinese 2_134.jpg,1.0,1.0,1.0,1.0
1042,data/new_crops/before/makeup before after 4_86.jpg,0.0,1.0,0.0,1.0
1043,data/new_crops/before/beard before after 2_85.jpg,0.0,0.0,0.0,1.0
1044,data/new_crops/before/beard before after 3_28.jpg,0.0,1.0,0.0,1.0
1045,data/new_crops/before/drag queen face before after 1_53.jpg,0.0,0.0,0.0,1.0
1046,data/new_crops/before/drag queen before after 3_90.jpg,1.0,1.0,1.0,0.0
1047,data/new_crops/before/drag queen face before after 2_94.jpg,1.0,0.0,1.0,1.0
1048,data/new_crops/before/hiardoo before after men 6_6.jpg,0.0,0.0,0.0,0.0
1049,data/new_crops/before/beard before after 3_72.jpg,0.0,0.0,0.0,1.0
1050,data/new_crops/before/makeup before after arabic_64.jpg,0.0,0.0,0.0,0.0
1051,data/new_crops/before/makeup before after chinese_94.jpg,0.0,0.0,1.0,1.0
1052,data/new_crops/before/hairdoo before and after men 5_113.jpg,0.0,1.0,0.0,1.0
1053,data/new_crops/before/haircut face before after 1_40.jpg,0.0,0.0,0.0,1.0
1054,data/new_crops/before/drag queen face before after 1_20.jpg,0.0,1.0,0.0,1.0
1055,data/new_crops/before/beard before after 1_100.jpg,0.0,1.0,0.0,1.0
1056,data/new_crops/before/beard before after 1_142.jpg,0.0,1.0,0.0,1.0
1057,data/new_crops/before/beard before after 1_93.jpg,0.0,0.0,0.0,0.0
1058,data/new_crops/before/drag queen before after 4_77.jpg,0.0,0.0,0.0,0.0
1059,data/new_crops/before/haircut face before after 5_43.jpg,0.0,0.0,0.0,0.0
1060,data/new_crops/before/haircut face before after 1_103.jpg,0.0,0.0,0.0,0.0
1061,data/new_crops/before/haircut face before after 1_2.jpg,0.0,0.0,0.0,1.0
1062,data/new_crops/before/haircut face befoe after 4_22.jpg,0.0,1.0,0.0,0.0
1063,data/new_crops/before/makeup before after chinese_126.jpg,0.0,0.0,0.0,0.0
1064,data/new_crops/before/beard before after 1_59.jpg,0.0,1.0,0.0,0.0
1065,data/new_crops/before/haircut face before after 1_56.jpg,0.0,1.0,0.0,1.0
1066,data/new_crops/before/beard before after 1_66.jpg,0.0,1.0,0.0,1.0
1067,data/new_crops/before/hiardoo before after men 6_141.jpg,0.0,1.0,0.0,1.0
1068,data/new_crops/before/makeup before after 3_68.jpg,0.0,1.0,0.0,0.0
1069,data/new_crops/before/drag queen face before after 1_35.jpg,0.0,0.0,0.0,0.0
1070,data/new_crops/before/drag queen before after 3_19.jpg,0.0,1.0,0.0,0.0
1071,data/new_crops/before/makeup before after chinese_39.jpg,0.0,1.0,0.0,1.0
1072,data/new_crops/before/drag queen face before after 1_5.jpg,0.0,1.0,0.0,0.0
1073,data/new_crops/before/makeup before after 3_3.jpg,0.0,1.0,0.0,1.0
1074,data/new_crops/before/images 1 makeup before and after_40.jpg,1.0,0.0,0.0,0.0
1075,data/new_crops/before/beard before after face chinese 1_47.jpg,0.0,0.0,0.0,1.0
1076,data/new_crops/before/makeup before after 4_25.jpg,0.0,0.0,0.0,1.0
1077,data/new_crops/before/makeup before after 3_59.jpg,0.0,0.0,0.0,1.0
1078,data/new_crops/before/beard before after 1_68.jpg,1.0,0.0,1.0,0.0
1079,data/new_crops/before/beard before after 1_13.jpg,0.0,0.0,0.0,0.0
1080,data/new_crops/before/beard before after 1_56.jpg,0.0,0.0,0.0,0.0
1081,data/new_crops/before/drag queen face before after 2_131.jpg,0.0,1.0,0.0,1.0
1082,data/new_crops/before/hiardoo before after men 6_14.jpg,0.0,1.0,0.0,1.0
1083,data/new_crops/before/makeupe before after 6_62.jpg,0.0,0.0,0.0,0.0
1084,data/new_crops/before/makeup before after 3_43.jpg,0.0,1.0,0.0,0.0
1085,data/new_crops/before/beard before after face chinese 2_70.jpg,0.0,1.0,0.0,0.0
1086,data/new_crops/before/makeupe before after 6_104.jpg,1.0,1.0,1.0,1.0
1087,data/new_crops/before/haircut face befoe after 4_6.jpg,0.0,1.0,0.0,1.0
1088,data/new_crops/before/drag queen face before after 1_67.jpg,0.0,1.0,0.0,1.0
1089,data/new_crops/before/glasses before after 1_56.jpg,0.0,0.0,0.0,1.0
1090,data/new_crops/before/makeup before after chinese_91.jpg,1.0,0.0,0.0,1.0
1091,data/new_crops/before/hairdoocut before after chinese 2_146.jpg,0.0,0.0,0.0,0.0
1092,data/new_crops/before/beard before after face chinese 1_43.jpg,1.0,1.0,0.0,1.0
1093,data/new_crops/before/drag queen before after 3_110.jpg,0.0,0.0,0.0,0.0
1094,data/new_crops/before/haircut face before after 2_105.jpg,0.0,0.0,0.0,0.0
1095,data/new_crops/before/beard before after 2_117.jpg,0.0,1.0,0.0,1.0
1096,data/new_crops/before/makeup before after 5_104.jpg,1.0,1.0,1.0,1.0
1097,data/new_crops/before/hairdoo before and after men 5_99.jpg,0.0,0.0,0.0,0.0
1098,data/new_crops/before/makeup before after 4_102.jpg,0.0,1.0,0.0,1.0
1099,data/new_crops/before/beard before after 5_65.jpg,0.0,0.0,0.0,1.0
1100,data/new_crops/before/beard before after 3_130.jpg,0.0,0.0,0.0,1.0
1101,data/new_crops/before/hiardoo before after men 6_40.jpg,1.0,0.0,0.0,0.0
1102,data/new_crops/before/haircut face before after 1_41.jpg,0.0,1.0,0.0,1.0
1103,data/new_crops/before/makeup before after chinese_82.jpg,0.0,0.0,0.0,1.0
1104,data/new_crops/before/haircut face before after 2_43.jpg,0.0,0.0,0.0,0.0
1105,data/new_crops/before/beard before after 2_35.jpg,0.0,1.0,0.0,1.0
1106,data/new_crops/before/drag queen before after 3_98.jpg,0.0,1.0,0.0,1.0
1107,data/new_crops/before/makeup before after arabic_80.jpg,0.0,1.0,0.0,0.0
1108,data/new_crops/before/makeup before after chinese_87.jpg,1.0,0.0,0.0,0.0
1109,data/new_crops/before/beard before after face chinese 1_26.jpg,0.0,0.0,0.0,0.0
1110,data/new_crops/before/makeup before after 3_61.jpg,1.0,0.0,0.0,0.0
1111,data/new_crops/before/haircut face before after 3_43.jpg,0.0,0.0,0.0,1.0
1112,data/new_crops/before/beard before after 2_7.jpg,0.0,0.0,0.0,1.0
1113,data/new_crops/before/haircut face before after 2_83.jpg,0.0,1.0,0.0,0.0
1114,data/new_crops/before/beard before after 3_1.jpg,0.0,1.0,0.0,1.0
1115,data/new_crops/before/beard before after face chinese 2_14.jpg,0.0,1.0,0.0,1.0
1116,data/new_crops/before/beard before after 5_54.jpg,0.0,0.0,0.0,0.0
1117,data/new_crops/before/haircut face before after 2_26.jpg,0.0,1.0,0.0,1.0
1118,data/new_crops/before/makeup before after arabic_101.jpg,1.0,1.0,1.0,1.0
1119,data/new_crops/before/makeup before after arabic_36.jpg,1.0,1.0,0.0,1.0
1120,data/new_crops/before/beard before after 1_77.jpg,0.0,0.0,0.0,0.0
1121,data/new_crops/before/makeup before after 3_14.jpg,0.0,1.0,0.0,1.0
1122,data/new_crops/before/haircut face before after 1_7.jpg,0.0,1.0,0.0,1.0
1123,data/new_crops/before/beard before after face chinese 2_72.jpg,0.0,0.0,0.0,0.0
1124,data/new_crops/before/drag queen face before after 2_13.jpg,0.0,1.0,0.0,0.0
1125,data/new_crops/before/haircut face before after 3_82.jpg,1.0,0.0,1.0,0.0
1126,data/new_crops/before/beard before after 1_84.jpg,1.0,1.0,0.0,1.0
1127,data/new_crops/before/haircut face before after 1_125.jpg,0.0,1.0,0.0,1.0
1128,data/new_crops/before/drag queen face before after 1_37.jpg,0.0,0.0,0.0,1.0
1129,data/new_crops/before/makeup before after chinese_76.jpg,0.0,1.0,0.0,0.0
1130,data/new_crops/before/hairdoo before and after men 5_45.jpg,0.0,1.0,0.0,1.0
1131,data/new_crops/before/haircut face befoe after 4_40.jpg,0.0,1.0,0.0,0.0
1132,data/new_crops/before/beard before after 5_61.jpg,0.0,1.0,0.0,1.0
1133,data/new_crops/before/drag queen face before after 1_64.jpg,1.0,1.0,0.0,1.0
1134,data/new_crops/before/hairdoo before and after men 5_125.jpg,0.0,0.0,0.0,0.0
1135,data/new_crops/before/hiardoo before after men 6_131.jpg,0.0,1.0,0.0,1.0
1136,data/new_crops/before/beard before after face chinese 1_54.jpg,0.0,1.0,0.0,1.0
1137,data/new_crops/before/beard before after face chinese 1_68.jpg,0.0,0.0,0.0,0.0
1138,data/new_crops/before/makeup before after chinese_86.jpg,0.0,0.0,0.0,0.0
1139,data/new_crops/before/drag queen face before after 1_83.jpg,0.0,0.0,1.0,1.0
1140,data/new_crops/before/makeupe before after 6_59.jpg,0.0,0.0,0.0,0.0
1141,data/new_crops/before/haircut face before after 2_136.jpg,0.0,0.0,1.0,1.0
1142,data/new_crops/before/makeup before after 4_96.jpg,0.0,0.0,0.0,0.0
1143,data/new_crops/before/drag queen face before after 2_37.jpg,0.0,0.0,0.0,1.0
1144,data/new_crops/before/beard before after 1_102.jpg,0.0,1.0,0.0,1.0
1145,data/new_crops/before/drag queen face before after 1_22.jpg,0.0,0.0,0.0,0.0
1146,data/new_crops/before/makeup before after 5_94.jpg,0.0,1.0,0.0,1.0
1147,data/new_crops/before/beard before after 2_2.jpg,0.0,1.0,0.0,1.0
1148,data/new_crops/before/beard before after 1_75.jpg,1.0,1.0,0.0,1.0
1149,data/new_crops/before/makeup before after arabic_78.jpg,0.0,1.0,1.0,1.0
1150,data/new_crops/before/beard before after 1_54.jpg,0.0,1.0,0.0,1.0
1151,data/new_crops/before/makeup before after 5_97.jpg,0.0,1.0,0.0,0.0
1152,data/new_crops/before/makeup before after 3_34.jpg,0.0,1.0,1.0,1.0
1153,data/new_crops/before/drag queen face before after 2_19.jpg,0.0,0.0,1.0,0.0
1154,data/new_crops/before/drag queen face before after 1_9.jpg,0.0,1.0,0.0,1.0
1155,data/new_crops/before/drag queen face before after 1_49.jpg,0.0,1.0,0.0,0.0
1156,data/new_crops/before/hairdoo before and after men 5_122.jpg,0.0,1.0,0.0,1.0
1157,data/new_crops/before/makeup before after chinese_104.jpg,0.0,0.0,0.0,0.0
1158,data/new_crops/before/beard before after face chinese 1_62.jpg,0.0,1.0,0.0,0.0
1159,data/new_crops/before/beard before after 2_22.jpg,0.0,0.0,0.0,1.0
1160,data/new_crops/before/haircut face before after 3_96.jpg,0.0,1.0,0.0,1.0
1161,data/new_crops/before/glasses before after 1_9.jpg,0.0,0.0,0.0,0.0
1162,data/new_crops/before/beard before after 5_124.jpg,1.0,0.0,0.0,0.0
1163,data/new_crops/before/hairdoo before and after men 5_92.jpg,0.0,1.0,0.0,1.0
1164,data/new_crops/before/beard before after 3_69.jpg,0.0,0.0,0.0,0.0
1165,data/new_crops/before/drag queen face before after 2_4.jpg,1.0,1.0,0.0,1.0
1166,data/new_crops/before/hairdoo before and after men 5_15.jpg,0.0,1.0,0.0,1.0
1167,data/new_crops/before/drag queen face before after 1_21.jpg,0.0,1.0,0.0,1.0
1168,data/new_crops/before/drag queen face before after 2_79.jpg,0.0,1.0,1.0,1.0
1169,data/new_crops/before/images 1 makeup before and after_86.jpg,0.0,0.0,0.0,1.0
1170,data/new_crops/before/haircut face before after 3_69.jpg,0.0,1.0,0.0,1.0
1171,data/new_crops/before/drag queen face before after 1_13.jpg,0.0,0.0,0.0,1.0
1172,data/new_crops/before/beard before after 1_113.jpg,0.0,1.0,0.0,1.0
1173,data/new_crops/before/haircut face before after 1_108.jpg,0.0,0.0,0.0,0.0
1174,data/new_crops/before/drag queen face before after 1_101.jpg,0.0,0.0,0.0,1.0
1175,data/new_crops/before/drag queen face before after 1_129.jpg,0.0,1.0,0.0,0.0
1176,data/new_crops/before/images 1 makeup before and after_5.jpg,1.0,0.0,1.0,1.0
1177,data/new_crops/before/makeupe before after 6_114.jpg,1.0,0.0,0.0,0.0
1178,data/new_crops/before/haircut face befoe after 4_10.jpg,1.0,0.0,0.0,0.0
1179,data/new_crops/before/beard before after 5_100.jpg,0.0,0.0,0.0,0.0
1180,data/new_crops/before/drag queen face before after 1_0.jpg,0.0,0.0,0.0,0.0
1181,data/new_crops/before/haircut face before after 1_66.jpg,0.0,1.0,0.0,1.0
1182,data/new_crops/before/haircut face before after 5_28.jpg,0.0,1.0,0.0,1.0
1183,data/new_crops/before/beard before after 2_119.jpg,0.0,1.0,0.0,1.0
1184,data/new_crops/before/haircut face before after 2_24.jpg,0.0,1.0,0.0,1.0
1185,data/new_crops/before/images 1 makeup before and after_71.jpg,0.0,0.0,0.0,0.0
1186,data/new_crops/before/beard before after 2_116.jpg,0.0,0.0,0.0,1.0
1187,data/new_crops/before/haircut face before after 2_49.jpg,0.0,0.0,0.0,0.0
1188,data/new_crops/before/makeup before after 3_106.jpg,1.0,1.0,0.0,1.0
1189,data/new_crops/before/beard before after 2_6.jpg,1.0,1.0,0.0,1.0
1190,data/new_crops/before/beard before after 2_76.jpg,0.0,1.0,0.0,1.0
1191,data/new_crops/before/beard before after 3_5.jpg,0.0,1.0,0.0,1.0
1192,data/new_crops/before/images 1 makeup before and after_26.jpg,0.0,1.0,0.0,0.0
1193,data/new_crops/before/makeupe before after 6_121.jpg,1.0,0.0,1.0,0.0
1194,data/new_crops/before/images 1 makeup before and after_13.jpg,0.0,0.0,0.0,0.0
1195,data/new_crops/before/haircut face before after 2_69.jpg,0.0,1.0,0.0,1.0
1196,data/new_crops/before/beard before after 1_74.jpg,0.0,0.0,1.0,1.0
1197,data/new_crops/before/makeup before after chinese_133.jpg,0.0,1.0,0.0,1.0
1198,data/new_crops/before/drag queen face before after 1_124.jpg,0.0,1.0,1.0,1.0
1199,data/new_crops/before/beard before after 2_136.jpg,0.0,0.0,0.0,0.0
1200,data/new_crops/before/haircut face before after 2_65.jpg,0.0,1.0,0.0,1.0
1201,data/new_crops/before/makeup before after 3_116.jpg,0.0,0.0,0.0,0.0
1202,data/new_crops/before/beard before after 2_86.jpg,1.0,1.0,0.0,1.0
1203,data/new_crops/before/drag queen face before after 2_48.jpg,0.0,1.0,0.0,1.0
1204,data/new_crops/before/makeup before after arabic_140.jpg,0.0,1.0,0.0,1.0
1205,data/new_crops/before/beard before after 5_88.jpg,1.0,1.0,0.0,1.0
1206,data/new_crops/before/beard before after face chinese 2_90.jpg,0.0,0.0,1.0,0.0
1207,data/new_crops/before/images 1 makeup before and after_30.jpg,0.0,1.0,1.0,1.0
1208,data/new_crops/before/glasses before after 1_0.jpg,0.0,1.0,0.0,0.0
1209,data/new_crops/before/drag queen face before after 1_61.jpg,0.0,0.0,0.0,1.0
1210,data/new_crops/before/beard before after face chinese 2_78.jpg,0.0,0.0,0.0,1.0
1211,data/new_crops/before/makeup before after 3_114.jpg,1.0,0.0,0.0,0.0
1212,data/new_crops/before/beard before after 2_107.jpg,0.0,0.0,0.0,0.0
1213,data/new_crops/before/hairdoocut before after chinese 2_85.jpg,0.0,0.0,0.0,1.0
1214,data/new_crops/before/makeup before after arabic_28.jpg,1.0,1.0,0.0,0.0
1215,data/new_crops/before/hairdoocut before after chinese 2_117.jpg,0.0,1.0,0.0,1.0
1216,data/new_crops/before/beard before after 1_42.jpg,0.0,0.0,0.0,1.0
1217,data/new_crops/before/haircut face before after 2_122.jpg,0.0,1.0,0.0,1.0
1218,data/new_crops/before/beard before after 5_0.jpg,0.0,0.0,0.0,0.0
1219,data/new_crops/before/drag queen face before after 1_58.jpg,0.0,1.0,0.0,1.0
1220,data/new_crops/before/makeup before after 4_62.jpg,0.0,0.0,0.0,0.0
1221,data/new_crops/before/beard before after 1_117.jpg,0.0,0.0,0.0,0.0
1222,data/new_crops/before/beard before after 1_15.jpg,0.0,0.0,0.0,0.0
1223,data/new_crops/before/makeupe before after 6_0.jpg,0.0,1.0,0.0,0.0
1224,data/new_crops/before/hairdoocut before after chinese 2_42.jpg,0.0,1.0,1.0,1.0
1225,data/new_crops/before/drag queen face before after 5_105.jpg,1.0,0.0,0.0,1.0
1226,data/new_crops/before/beard before after 5_126.jpg,1.0,1.0,0.0,0.0
1227,data/new_crops/before/haircut face before after 1_23.jpg,0.0,1.0,0.0,0.0
1228,data/new_crops/before/makeup before after 3_101.jpg,0.0,0.0,0.0,0.0
1229,data/new_crops/before/hairdoo before and after men 5_148.jpg,0.0,1.0,0.0,0.0
1230,data/new_crops/before/makeup before after 3_47.jpg,0.0,0.0,0.0,0.0
1231,data/new_crops/before/makeup before after arabic_37.jpg,0.0,0.0,0.0,1.0
1232,data/new_crops/before/drag queen face before after 1_36.jpg,0.0,1.0,0.0,0.0
1233,data/new_crops/before/drag queen face before after 1_12.jpg,1.0,1.0,0.0,0.0
1234,data/new_crops/before/makeup before after 4_46.jpg,1.0,1.0,1.0,0.0
1235,data/new_crops/before/haircut face before after 2_92.jpg,0.0,0.0,0.0,0.0
1236,data/new_crops/before/beard before after face chinese 2_128.jpg,0.0,1.0,0.0,1.0
1237,data/new_crops/before/drag queen face before after 1_50.jpg,0.0,1.0,0.0,1.0
1238,data/new_crops/before/beard before after 1_41.jpg,0.0,0.0,0.0,0.0
1239,data/new_crops/before/makeup before after arabic_14.jpg,0.0,0.0,0.0,0.0
1240,data/new_crops/before/beard before after face chinese 1_88.jpg,1.0,0.0,0.0,1.0
1241,data/new_crops/before/beard before after 1_81.jpg,0.0,1.0,0.0,0.0
1242,data/new_crops/before/drag queen face before after 2_18.jpg,0.0,1.0,1.0,1.0
1243,data/new_crops/before/images 1 makeup before and after_143.jpg,0.0,1.0,0.0,1.0
1244,data/new_crops/before/drag queen face before after 1_43.jpg,0.0,1.0,0.0,1.0
1245,data/new_crops/before/drag queen face before after 2_14.jpg,0.0,1.0,0.0,1.0
1246,data/new_crops/before/haircut face before after 2_75.jpg,1.0,1.0,1.0,1.0
1247,data/new_crops/before/beard before after 4_9.jpg,0.0,0.0,0.0,0.0
1248,data/new_crops/before/haircut face before after 3_137.jpg,0.0,1.0,0.0,1.0
1249,data/new_crops/before/drag queen face before after 1_41.jpg,0.0,1.0,0.0,1.0
1250,data/new_crops/before/makeupe before after 6_93.jpg,1.0,0.0,1.0,0.0
1251,data/new_crops/before/haircut face before after 1_123.jpg,0.0,1.0,0.0,0.0
1252,data/new_crops/before/drag queen face before after 2_3.jpg,0.0,1.0,0.0,0.0
1253,data/new_crops/before/haircut face before after 3_49.jpg,0.0,0.0,1.0,0.0
1254,data/new_crops/before/beard before after face chinese 2_73.jpg,0.0,0.0,0.0,0.0
1255,data/new_crops/before/haircut face before after 2_135.jpg,0.0,1.0,0.0,1.0
1256,data/new_crops/before/drag queen face before after 2_43.jpg,0.0,1.0,0.0,0.0
1257,data/new_crops/before/beard before after 2_146.jpg,0.0,1.0,0.0,1.0
1258,data/new_crops/before/beard before after face chinese 2_101.jpg,0.0,1.0,0.0,1.0
1259,data/new_crops/before/beard before after 5_114.jpg,0.0,1.0,0.0,1.0
1260,data/new_crops/before/images 1 makeup before and after_1.jpg,0.0,0.0,0.0,1.0
1261,data/new_crops/before/makeup before after 3_23.jpg,0.0,1.0,0.0,0.0
1262,data/new_crops/before/glasses before after 1_7.jpg,0.0,1.0,0.0,0.0
1263,data/new_crops/before/haircut face before after 1_37.jpg,0.0,0.0,0.0,0.0
1264,data/new_crops/before/hairdoo before and after men 5_73.jpg,1.0,1.0,0.0,1.0
1265,data/new_crops/before/makeup before after 4_57.jpg,0.0,0.0,0.0,0.0
1266,data/new_crops/before/haircut face before after 2_112.jpg,0.0,1.0,0.0,1.0
1267,data/new_crops/before/haircut face before after 2_53.jpg,0.0,0.0,0.0,0.0
1268,data/new_crops/before/haircut face before after 1_4.jpg,1.0,1.0,1.0,1.0
1269,data/new_crops/before/haircut face before after 3_38.jpg,0.0,0.0,0.0,0.0
1270,data/new_crops/before/makeup before after 3_137.jpg,0.0,0.0,1.0,1.0
1271,data/new_crops/before/beard before after 2_125.jpg,0.0,0.0,0.0,1.0
1272,data/new_crops/before/haircut face before after 2_2.jpg,1.0,0.0,0.0,0.0
1273,data/new_crops/before/makeup before after arabic_133.jpg,0.0,0.0,0.0,0.0
1274,data/new_crops/before/haircut face before after 3_41.jpg,0.0,0.0,0.0,0.0
1275,data/new_crops/before/makeup before after 3_96.jpg,0.0,0.0,1.0,1.0
1276,data/new_crops/before/makeup before after chinese_134.jpg,0.0,0.0,0.0,0.0
1277,data/new_crops/before/haircut face befoe after 4_14.jpg,0.0,0.0,0.0,0.0
1278,data/new_crops/before/hairdoo before and after men 5_101.jpg,0.0,0.0,0.0,1.0
1279,data/new_crops/before/haircut face before after 2_38.jpg,0.0,1.0,0.0,0.0
1280,data/new_crops/before/haircut face before after 3_11.jpg,1.0,1.0,1.0,1.0
1281,data/new_crops/before/beard before after 1_144.jpg,0.0,1.0,0.0,1.0
1282,data/new_crops/before/drag queen face before after 2_81.jpg,0.0,0.0,0.0,1.0
1283,data/new_crops/before/drag queen before after 3_125.jpg,0.0,0.0,1.0,0.0
1284,data/new_crops/before/beard before after 2_127.jpg,0.0,1.0,0.0,0.0
1285,data/new_crops/before/haircut face before after 2_89.jpg,0.0,1.0,0.0,1.0
1286,data/new_crops/before/hairdoocut before after chinese 2_129.jpg,0.0,1.0,1.0,1.0
1287,data/new_crops/before/makeup before after 3_39.jpg,1.0,0.0,1.0,1.0
1288,data/new_crops/before/glasses before after 1_11.jpg,0.0,0.0,0.0,0.0
1289,data/new_crops/before/beard before after 1_32.jpg,0.0,0.0,0.0,0.0
1290,data/new_crops/before/haircut face before after 1_69.jpg,0.0,0.0,0.0,1.0
1291,data/new_crops/before/beard before after face chinese 2_11.jpg,0.0,0.0,0.0,0.0
